canonical_composer,midi_filename,entropy_pitch,entropy_interval
Charles Gounod / Franz Liszt,2006/MIDI-Unprocessed_08_R1_2006_01-04_ORIG_MID--AUDIO_08_R1_2006_Disk1_01_Track01_wav.midi,5.850927957391109,6.080034196178822
Franz Liszt,2008/MIDI-Unprocessed_09_R1_2008_01-05_ORIG_MID--AUDIO_09_R1_2008_wav--3.midi,5.446294061033086,5.893947553487055
Franz Liszt,2008/MIDI-Unprocessed_10_R1_2008_01-04_ORIG_MID--AUDIO_10_R1_2008_wav--4.midi,5.451759330844563,5.92920879908595
Franz Liszt,2008/MIDI-Unprocessed_18_R1_2008_01-04_ORIG_MID--AUDIO_18_R1_2008_wav--4.midi,5.54152263217465,6.081211085086005
Franz Liszt,2011/MIDI-Unprocessed_17_R2_2011_MID--AUDIO_R2-D5_03_Track03_wav.midi,5.540204056880529,5.489073480798311
Franz Liszt,2014/MIDI-UNPROCESSED_09-10_R1_2014_MID--AUDIO_09_R1_2014_wav--2.midi,6.063144155237729,6.043912698801694
Franz Liszt,2014/MIDI-UNPROCESSED_04-08-12_R3_2014_MID--AUDIO_04_R3_2014_wav--1.midi,6.061674446516306,6.014555766531658
Franz Liszt,2013/ORIG-MIDI_02_7_6_13_Group__MID--AUDIO_08_R1_2013_wav--4.midi,5.422117505654958,5.544515690030598
Franz Liszt,2013/ORIG-MIDI_01_7_8_13_Group__MID--AUDIO_04_R2_2013_wav--3.midi,5.980847016021749,6.023680044717345
Franz Liszt,2013/ORIG-MIDI_03_7_8_13_Group__MID--AUDIO_15_R2_2013_wav--2.midi,5.973618262319533,5.995642833808067
Franz Liszt,2014/MIDI-UNPROCESSED_21-22_R1_2014_MID--AUDIO_22_R1_2014_wav--2.midi,5.98644052736526,5.9830637295541775
Franz Liszt,2011/MIDI-Unprocessed_16_R2_2011_MID--AUDIO_R2-D4_08_Track08_wav.midi,5.990213299494836,5.978880068923718
Franz Liszt,2008/MIDI-Unprocessed_14_R1_2008_01-05_ORIG_MID--AUDIO_14_R1_2008_wav--3.midi,5.694183850710181,5.7218021837922635
Franz Liszt,2013/ORIG-MIDI_01_7_7_13_Group__MID--AUDIO_12_R1_2013_wav--4.midi,5.755009115898071,5.7858133526667235
Franz Liszt,2008/MIDI-Unprocessed_11_R2_2008_01-05_ORIG_MID--AUDIO_11_R2_2008_wav--5.midi,5.659809623210639,5.397272124862113
Franz Liszt,2008/MIDI-Unprocessed_06_R1_2008_01-04_ORIG_MID--AUDIO_06_R1_2008_wav--3.midi,5.674647228891897,5.722451223890236
Franz Liszt,2008/MIDI-Unprocessed_17_R1_2008_01-04_ORIG_MID--AUDIO_17_R1_2008_wav--3.midi,5.700668829985903,5.772683423581959
Franz Liszt,2013/ORIG-MIDI_02_7_6_13_Group__MID--AUDIO_08_R1_2013_wav--5.midi,5.686674814574575,5.749978220939079
Franz Liszt,2015/MIDI-Unprocessed_R1_D2-13-20_mid--AUDIO-from_mp3_16_R1_2015_wav--3.midi,5.749631391336652,5.786267130825112
Franz Liszt,2011/MIDI-Unprocessed_02_R1_2011_MID--AUDIO_R1-D1_10_Track10_wav.midi,5.698769291009219,5.756558709543605
Franz Liszt,2011/MIDI-Unprocessed_03_R1_2011_MID--AUDIO_R1-D1_18_Track18_wav.midi,5.732941588959243,5.781623682412354
Franz Liszt,2011/MIDI-Unprocessed_05_R1_2011_MID--AUDIO_R1-D2_11_Track11_wav.midi,5.771423496957482,5.843607115329641
Franz Liszt,2015/MIDI-Unprocessed_R1_D1-1-8_mid--AUDIO-from_mp3_06_R1_2015_wav--5.midi,5.746120493528536,5.757497673929157
Franz Liszt,2011/MIDI-Unprocessed_04_R3_2011_MID--AUDIO_R3-D2_03_Track03_wav.midi,5.666387294314388,5.338194119999586
Franz Liszt,2011/MIDI-Unprocessed_08_R1_2011_MID--AUDIO_R1-D3_10_Track10_wav.midi,5.665204554751011,5.384908986652565
Franz Liszt,2004/MIDI-Unprocessed_SMF_22_R1_2004_01-04_ORIG_MID--AUDIO_22_R1_2004_17_Track17_wav.midi,6.046498768325708,5.949358621588509
Franz Liszt,2006/MIDI-Unprocessed_09_R1_2006_01-04_ORIG_MID--AUDIO_09_R1_2006_02_Track02_wav.midi,6.064813007128053,6.052641672104788
Franz Liszt,2006/MIDI-Unprocessed_10_R1_2006_01-04_ORIG_MID--AUDIO_10_R1_2006_05_Track05_wav.midi,6.0440217945495265,6.07968454271301
Franz Liszt,2009/MIDI-Unprocessed_05_R1_2009_01-02_ORIG_MID--AUDIO_05_R1_2009_05_R1_2009_02_WAV.midi,6.0492094176938105,6.010337857682007
Franz Liszt,2009/MIDI-Unprocessed_11_R1_2009_06-09_ORIG_MID--AUDIO_11_R1_2009_11_R1_2009_09_WAV.midi,6.052770105772622,5.968741799970938
Franz Liszt,2006/MIDI-Unprocessed_09_R1_2006_01-04_ORIG_MID--AUDIO_09_R1_2006_01_Track01_wav.midi,5.857584319833831,6.142750611032098
Franz Liszt,2008/MIDI-Unprocessed_15_R2_2008_01-04_ORIG_MID--AUDIO_15_R2_2008_wav--4.midi,5.860587494377038,6.068207282473409
Franz Liszt,2018/MIDI-Unprocessed_Recital1-3_MID--AUDIO_01_R1_2018_wav--3.midi,5.890345598389181,5.847971517469578
Franz Liszt,2015/MIDI-Unprocessed_R1_D1-1-8_mid--AUDIO-from_mp3_01_R1_2015_wav--5.midi,5.459838255530613,5.910143427073509
Franz Liszt,2015/MIDI-Unprocessed_R1_D1-1-8_mid--AUDIO-from_mp3_02_R1_2015_wav--6.midi,5.454292818704693,5.944968483530333
Franz Liszt,2015/MIDI-Unprocessed_R1_D1-9-12_mid--AUDIO-from_mp3_12_R1_2015_wav--5.midi,5.486925668562877,5.93082934043592
Franz Liszt,2017/MIDI-Unprocessed_046_PIANO046_MID--AUDIO-split_07-06-17_Piano-e_2-02_wav--3.midi,5.454572825914322,5.89993809564974
Franz Liszt,2017/MIDI-Unprocessed_054_PIANO054_MID--AUDIO-split_07-07-17_Piano-e_1-02_wav--3.midi,5.462956414382712,5.914535734722941
Franz Liszt,2017/MIDI-Unprocessed_066_PIANO066_MID--AUDIO-split_07-07-17_Piano-e_3-02_wav--4.midi,5.440650160802038,5.882428259714587
Franz Liszt,2009/MIDI-Unprocessed_12_R1_2009_03-05_ORIG_MID--AUDIO_12_R1_2009_12_R1_2009_05_WAV.midi,5.805067258682615,6.08198835766121
Franz Liszt,2015/MIDI-Unprocessed_R1_D2-21-22_mid--AUDIO-from_mp3_22_R1_2015_wav--5.midi,5.738066194645524,5.999353728261128
Franz Liszt,2011/MIDI-Unprocessed_23_R2_2011_MID--AUDIO_R2-D6_04_Track04_wav.midi,5.774829253444209,6.0002435343316405
Franz Liszt,2011/MIDI-Unprocessed_03_R1_2011_MID--AUDIO_R1-D1_19_Track19_wav.midi,5.799158752881403,6.084029032167353
Franz Liszt,2013/ORIG-MIDI_02_7_8_13_Group__MID--AUDIO_14_R2_2013_wav--4.midi,5.951918442205018,6.158083526903171
Franz Liszt,2011/MIDI-Unprocessed_10_R1_2011_MID--AUDIO_R1-D4_05_Track05_wav.midi,5.698039536993808,6.091961690058024
Franz Liszt,2013/ORIG-MIDI_01_7_8_13_Group__MID--AUDIO_02_R2_2013_wav--5.midi,5.9557900816866605,6.14738038252206
Franz Liszt,2015/MIDI-Unprocessed_R1_D1-1-8_mid--AUDIO-from_mp3_03_R1_2015_wav--4.midi,5.571749693175642,6.248751673665993
Franz Liszt,2017/MIDI-Unprocessed_043_PIANO043_MID--AUDIO-split_07-06-17_Piano-e_1-03_wav--4.midi,5.799994546094075,6.080657719462288
Franz Liszt,2017/MIDI-Unprocessed_081_PIANO081_MID--AUDIO-split_07-09-17_Piano-e_2_-02_wav--4.midi,5.81886684813392,6.105645891255619
Franz Liszt,2008/MIDI-Unprocessed_04_R1_2008_01-04_ORIG_MID--AUDIO_04_R1_2008_wav--4.midi,5.810449971974775,6.25784318778842
Franz Liszt,2015/MIDI-Unprocessed_R2_D2-12-13-15_mid--AUDIO-from_mp3_13_R2_2015_wav--4.midi,5.831844375867819,6.196925615531299
Franz Liszt,2004/MIDI-Unprocessed_XP_11_R1_2004_03-04_ORIG_MID--AUDIO_11_R1_2004_04_Track04_wav.midi,5.835072412269908,6.03285878114568
Franz Liszt,2006/MIDI-Unprocessed_02_R1_2006_01-04_ORIG_MID--AUDIO_02_R1_2006_03_Track03_wav.midi,5.930601637749481,6.164473439978268
Franz Liszt,2004/MIDI-Unprocessed_SMF_05_R1_2004_02-03_ORIG_MID--AUDIO_05_R1_2004_06_Track06_wav.midi,5.926825908849669,6.075953785526363
Franz Liszt,2004/MIDI-Unprocessed_SMF_12_01_2004_01-05_ORIG_MID--AUDIO_12_R1_2004_10_Track10_wav.midi,5.928489722407572,6.121169675124179
Franz Liszt,2009/MIDI-Unprocessed_17_R1_2009_01-03_ORIG_MID--AUDIO_17_R1_2009_17_R1_2009_03_WAV.midi,5.93818056783385,6.105499641189772
Franz Liszt,2013/ORIG-MIDI_02_7_8_13_Group__MID--AUDIO_11_R2_2013_wav--3.midi,5.986146500329261,6.159256453627279
Franz Liszt,2014/MIDI-UNPROCESSED_04-08-12_R3_2014_MID--AUDIO_04_R3_2014_wav--2.midi,5.934121925580949,6.1830067009136505
Franz Liszt,2014/MIDI-UNPROCESSED_21-22_R1_2014_MID--AUDIO_21_R1_2014_wav--4.midi,5.942258674719673,6.123604180215704
Franz Liszt,2008/MIDI-Unprocessed_03_R2_2008_01-03_ORIG_MID--AUDIO_03_R2_2008_wav--3.midi,5.916276433508193,6.182826421323926
Franz Liszt,2013/ORIG-MIDI_01_7_6_13_Group__MID--AUDIO_02_R1_2013_wav--5.midi,5.444646742068514,5.924232268147145
Franz Liszt,2013/ORIG-MIDI_03_7_6_13_Group__MID--AUDIO_09_R1_2013_wav--2.midi,5.4767681980616985,5.938785053981652
Franz Liszt,2017/MIDI-Unprocessed_067_PIANO067_MID--AUDIO-split_07-07-17_Piano-e_3-03_wav--4.midi,5.795700487828221,5.981132749018937
Franz Liszt,2008/MIDI-Unprocessed_02_R1_2008_01-05_ORIG_MID--AUDIO_02_R1_2008_wav--4.midi,5.815141317275467,5.9993767540080345
Franz Liszt,2006/MIDI-Unprocessed_07_R1_2006_01-04_ORIG_MID--AUDIO_07_R1_2006_04_Track04_wav.midi,6.004323653027019,6.132760772059752
Franz Liszt,2008/MIDI-Unprocessed_04_R2_2008_01-04_ORIG_MID--AUDIO_04_R2_2008_wav--4.midi,5.897094769139635,5.974073565322166
Franz Liszt,2008/MIDI-Unprocessed_08_R3_2008_01-05_ORIG_MID--AUDIO_08_R3_2008_wav--2.midi,5.911123088199247,5.9790134734167655
Franz Liszt,2011/MIDI-Unprocessed_25_R3_2011_MID--AUDIO_R3-D9_06_Track06_wav.midi,5.923547675850729,5.990564851344428
Franz Liszt,2018/MIDI-Unprocessed_Recital1-3_MID--AUDIO_02_R1_2018_wav--2.midi,5.92125551971002,5.976385285096719
Franz Liszt,2015/MIDI-Unprocessed_R1_D1-1-8_mid--AUDIO-from_mp3_08_R1_2015_wav--4.midi,5.900107050070519,5.954197073275715
Franz Liszt,2013/ORIG-MIDI_03_7_8_13_Group__MID--AUDIO_17_R2_2013_wav--3.midi,5.906329106792602,5.961816513405099
Franz Liszt,2013/ORIG-MIDI_02_7_10_13_Group_MID--AUDIO_12_R3_2013_wav--4.midi,5.903623223706008,5.939646552869473
Franz Liszt,2014/MIDI-UNPROCESSED_16-18_R1_2014_MID--AUDIO_17_R1_2014_wav--2.midi,5.9124070415771675,5.978808702008451
Franz Liszt,2006/MIDI-Unprocessed_04_R1_2006_01-04_ORIG_MID--AUDIO_04_R1_2006_03_Track03_wav.midi,5.900879668063913,6.023271378681694
Franz Liszt,2006/MIDI-Unprocessed_18_R1_2006_01-05_ORIG_MID--AUDIO_18_R1_2006_04_Track04_wav.midi,5.910264315883121,6.005769048733012
Franz Liszt,2009/MIDI-Unprocessed_15_R1_2009_03-06_ORIG_MID--AUDIO_15_R1_2009_15_R1_2009_06_WAV.midi,5.792908589976152,6.119990052050115
Franz Liszt,2011/MIDI-Unprocessed_09_R2_2011_MID--AUDIO_R2-D3_03_Track03_wav.midi,5.817985403012684,6.106119272545807
Franz Liszt,2008/MIDI-Unprocessed_03_R1_2008_01-04_ORIG_MID--AUDIO_03_R1_2008_wav--4.midi,5.800092443517392,6.156031108126049
Franz Liszt,2014/MIDI-UNPROCESSED_11-13_R1_2014_MID--AUDIO_13_R1_2014_wav--6.midi,5.954772864774629,6.118257572955038
Franz Liszt,2018/MIDI-Unprocessed_Recital4_MID--AUDIO_04_R1_2018_wav--5.midi,6.012096337740589,6.0521581244190905
Franz Liszt,2006/MIDI-Unprocessed_06_R1_2006_01-04_ORIG_MID--AUDIO_06_R1_2006_03_Track03_wav.midi,5.991388612968609,6.039793578227629
Franz Liszt,2006/MIDI-Unprocessed_24_R1_2006_01-05_ORIG_MID--AUDIO_24_R1_2006_05_Track05_wav.midi,6.0009564181440895,5.99586105989073
Franz Liszt,2009/MIDI-Unprocessed_03_R1_2009_01-02_ORIG_MID--AUDIO_03_R1_2009_03_R1_2009_02_WAV.midi,6.006286449111893,6.0729222457925855
Franz Liszt,2009/MIDI-Unprocessed_19_R1_2009_01-02_ORIG_MID--AUDIO_19_R1_2009_19_R1_2009_02_WAV.midi,6.000198593880463,6.051514159769066
Franz Liszt,2009/MIDI-Unprocessed_21_R1_2009_04_ORIG_MID--AUDIO_21_R1_2009_21_R1_2009_04_WAV.midi,6.008103107739091,6.121825699019756
Franz Liszt,2014/MIDI-UNPROCESSED_01-03_R1_2014_MID--AUDIO_02_R1_2014_wav--5.midi,5.997350935964334,6.043481169484478
Franz Liszt,2009/MIDI-Unprocessed_15_R1_2009_03-06_ORIG_MID--AUDIO_15_R1_2009_15_R1_2009_05_WAV.midi,5.672852929643507,5.619343261743226
Franz Liszt,2008/MIDI-Unprocessed_17_R1_2008_01-04_ORIG_MID--AUDIO_17_R1_2008_wav--4.midi,5.699167462346052,5.6728430789645135
Franz Liszt,2009/MIDI-Unprocessed_04_R1_2009_04-06_ORIG_MID--AUDIO_04_R1_2009_04_R1_2009_04_WAV.midi,5.404127607511933,5.512933451769997
Franz Liszt,2004/MIDI-Unprocessed_XP_06_R1_2004_02-03_ORIG_MID--AUDIO_06_R1_2004_05_Track05_wav.midi,5.905521195381025,5.922775280548547
Franz Liszt,2009/MIDI-Unprocessed_04_R1_2009_04-06_ORIG_MID--AUDIO_04_R1_2009_04_R1_2009_05_WAV.midi,5.9324577163487655,6.02714599275922
Franz Liszt,2015/MIDI-Unprocessed_R1_D2-13-20_mid--AUDIO-from_mp3_18_R1_2015_wav--4.midi,5.805555960899571,5.958542471541934
Franz Liszt,2008/MIDI-Unprocessed_10_R2_2008_01-05_ORIG_MID--AUDIO_10_R2_2008_wav--3.midi,5.8131948015331965,5.943791723976372
Franz Liszt,2011/MIDI-Unprocessed_06_R3_2011_MID--AUDIO_R3-D3_06_Track06_wav.midi,5.827057541749705,6.010090694526052
Franz Liszt,2017/MIDI-Unprocessed_047_PIANO047_MID--AUDIO-split_07-06-17_Piano-e_2-04_wav--4.midi,5.830724916057802,5.921334923781725
Franz Liszt,2009/MIDI-Unprocessed_16_R1_2009_03-06_ORIG_MID--AUDIO_16_R1_2009_16_R1_2009_03_WAV.midi,5.853023061038779,6.174152852743262
Franz Liszt,2008/MIDI-Unprocessed_04_R3_2008_01-07_ORIG_MID--AUDIO_04_R3_2008_wav--2.midi,5.683395833085231,5.911522152385283
Franz Liszt,2015/MIDI-Unprocessed_R1_D1-1-8_mid--AUDIO-from_mp3_06_R1_2015_wav--3.midi,5.712764903314784,5.7277058699993315
Franz Liszt,2013/ORIG-MIDI_01_7_7_13_Group__MID--AUDIO_13_R1_2013_wav--3.midi,5.927555379478321,6.169555906126689
Franz Liszt,2008/MIDI-Unprocessed_04_R3_2008_01-07_ORIG_MID--AUDIO_04_R3_2008_wav--6.midi,5.8678764470717555,6.131300216017436
Franz Liszt,2018/MIDI-Unprocessed_Recital17-19_MID--AUDIO_19_R1_2018_wav--3.midi,5.895702255294717,6.080397534423734
Franz Liszt,2008/MIDI-Unprocessed_04_R3_2008_01-07_ORIG_MID--AUDIO_04_R3_2008_wav--7.midi,5.82702054421761,6.038663513220939
Franz Liszt,2018/MIDI-Unprocessed_Recital9-11_MID--AUDIO_09_R1_2018_wav--4.midi,5.567714877418828,5.778463054809153
Franz Liszt,2008/MIDI-Unprocessed_07_R1_2008_01-04_ORIG_MID--AUDIO_07_R1_2008_wav--3.midi,5.714223566583952,5.969131339674429
Franz Liszt,2015/MIDI-Unprocessed_R1_D1-1-8_mid--AUDIO-from_mp3_06_R1_2015_wav--4.midi,5.72894684307718,6.264073499511833
Franz Liszt,2008/MIDI-Unprocessed_04_R3_2008_01-07_ORIG_MID--AUDIO_04_R3_2008_wav--3.midi,5.379405754169501,5.732734826205827
Franz Liszt,2008/MIDI-Unprocessed_04_R3_2008_01-07_ORIG_MID--AUDIO_04_R3_2008_wav--4.midi,5.887408222310629,6.112286902551118
Franz Liszt,2015/MIDI-Unprocessed_R1_D2-13-20_mid--AUDIO-from_mp3_17_R1_2015_wav--4.midi,5.9187641767407655,6.149286174089214
Franz Liszt,2008/MIDI-Unprocessed_04_R3_2008_01-07_ORIG_MID--AUDIO_04_R3_2008_wav--5.midi,5.578902583030929,5.842923062769238
Franz Liszt,2013/ORIG-MIDI_02_7_6_13_Group__MID--AUDIO_07_R1_2013_wav--3.midi,5.601837996177643,5.809042811434131
Franz Liszt,2013/ORIG-MIDI_02_7_7_13_Group__MID--AUDIO_15_R1_2013_wav--3.midi,5.599832550144781,5.8451702324353505
Franz Liszt,2014/MIDI-UNPROCESSED_09-10_R1_2014_MID--AUDIO_09_R1_2014_wav--3.midi,5.592622830094193,5.808713124905257
Franz Liszt,2011/MIDI-Unprocessed_06_R2_2011_MID--AUDIO_R2-D2_07_Track07_wav.midi,5.579877538049534,5.833524703591912
Franz Liszt,2013/ORIG-MIDI_01_7_6_13_Group__MID--AUDIO_01_R1_2013_wav--4.midi,5.9183809647651,6.191024126531281
Franz Liszt,2013/ORIG-MIDI_01_7_7_13_Group__MID--AUDIO_11_R1_2013_wav--4.midi,5.972126057328071,6.255841458305986
Franz Liszt,2011/MIDI-Unprocessed_14_R1_2011_MID--AUDIO_R1-D6_04_Track04_wav.midi,5.9354343250731,6.210515034357265
Franz Liszt,2004/MIDI-Unprocessed_XP_01_R1_2004_04-05_ORIG_MID--AUDIO_01_R1_2004_05_Track05_wav.midi,5.748085752648941,5.649057186578227
Franz Liszt,2017/MIDI-Unprocessed_075_PIANO075_MID--AUDIO-split_07-08-17_Piano-e_2-06_wav--3.midi,5.81118040421251,5.968824659950259
Franz Liszt,2017/MIDI-Unprocessed_052_PIANO052_MID--AUDIO-split_07-06-17_Piano-e_3-03_wav--1.midi,5.768373940077372,5.748761830927166
Franz Liszt,2017/MIDI-Unprocessed_060_PIANO060_MID--AUDIO-split_07-07-17_Piano-e_2-04_wav--5.midi,5.8595933854677975,6.094653169114385
Franz Liszt,2017/MIDI-Unprocessed_072_PIANO072_MID--AUDIO-split_07-08-17_Piano-e_1-06_wav--4.midi,5.863171154974669,6.131006586013356
Franz Liszt,2015/MIDI-Unprocessed_R1_D1-1-8_mid--AUDIO-from_mp3_05_R1_2015_wav--1.midi,5.451575465117659,5.781242047014356
Franz Liszt,2011/MIDI-Unprocessed_22_R3_2011_MID--AUDIO_R3-D7_07_Track07_wav.midi,5.0945960828065155,5.48980636553358
Franz Liszt,2011/MIDI-Unprocessed_22_R3_2011_MID--AUDIO_R3-D7_08_Track08_wav.midi,5.682860442260735,5.690241986909827
Franz Liszt,2011/MIDI-Unprocessed_22_R3_2011_MID--AUDIO_R3-D7_09_Track09_wav.midi,5.807060537169805,5.937801132516273
Franz Liszt,2018/MIDI-Unprocessed_Recital17-19_MID--AUDIO_19_R1_2018_wav--4.midi,5.902069512358519,5.803836337407154
Franz Liszt,2014/MIDI-UNPROCESSED_04-05_R1_2014_MID--AUDIO_05_R1_2014_wav--8.midi,5.917153859385111,5.836913408229611
Franz Liszt,2017/MIDI-Unprocessed_065_PIANO065_MID--AUDIO-split_07-07-17_Piano-e_3-01_wav--3.midi,5.887022109304979,6.167664419054225
Franz Liszt,2017/MIDI-Unprocessed_055_PIANO055_MID--AUDIO-split_07-07-17_Piano-e_1-04_wav--3.midi,5.653298948511942,5.898017246193357
Franz Liszt,2017/MIDI-Unprocessed_045_PIANO045_MID--AUDIO-split_07-06-17_Piano-e_2-01_wav--4.midi,5.930078480629145,6.155354106118318
Franz Liszt,2017/MIDI-Unprocessed_050_PIANO050_MID--AUDIO-split_07-06-17_Piano-e_3-01_wav--3.midi,5.9273924687163975,6.082006139623426
Franz Liszt,2017/MIDI-Unprocessed_047_PIANO047_MID--AUDIO-split_07-06-17_Piano-e_2-04_wav--2.midi,5.628670235041592,5.872338928890358
Franz Liszt / Camille Saint-Saëns,2011/MIDI-Unprocessed_03_R3_2011_MID--AUDIO_R3-D1_07_Track07_wav.midi,5.932793291532506,6.089775562694047
Franz Liszt / Vladimir Horowitz,2008/MIDI-Unprocessed_09_R3_2008_01-07_ORIG_MID--AUDIO_09_R3_2008_wav--7.midi,6.025409105424213,6.322404270408636
Franz Liszt / Vladimir Horowitz,2008/MIDI-Unprocessed_09_R2_2008_01-05_ORIG_MID--AUDIO_09_R2_2008_wav--5.midi,5.7602279501168185,6.235362423881924
Franz Schubert / Franz Liszt,2018/MIDI-Unprocessed_Recital9-11_MID--AUDIO_09_R1_2018_wav--3.midi,4.8967720587028545,5.594017510692108
Franz Schubert / Franz Liszt,2011/MIDI-Unprocessed_03_R2_2011_MID--AUDIO_R2-D1_08_Track08_wav.midi,5.19415245511668,5.743242095457875
Franz Schubert / Franz Liszt,2006/MIDI-Unprocessed_11_R1_2006_01-06_ORIG_MID--AUDIO_11_R1_2006_04_Track04_wav.midi,5.078586707157396,5.28032916809845
Franz Schubert / Franz Liszt,2018/MIDI-Unprocessed_Recital9-11_MID--AUDIO_09_R1_2018_wav--2.midi,4.908141711667993,5.557721560923135
Franz Schubert / Franz Liszt,2004/MIDI-Unprocessed_XP_18_R1_2004_01-02_ORIG_MID--AUDIO_18_R1_2004_02_Track02_wav.midi,5.0542325551767044,5.560830722260989
Franz Schubert / Franz Liszt,2004/MIDI-Unprocessed_XP_18_R1_2004_01-02_ORIG_MID--AUDIO_18_R1_2004_03_Track03_wav.midi,4.894803097130457,5.587004110939464
Franz Schubert / Franz Liszt,2004/MIDI-Unprocessed_XP_18_R1_2004_01-02_ORIG_MID--AUDIO_18_R1_2004_04_Track04_wav.midi,5.413114701366838,5.873167015939508
Franz Schubert / Franz Liszt,2004/MIDI-Unprocessed_XP_18_R1_2004_01-02_ORIG_MID--AUDIO_18_R1_2004_05_Track05_wav.midi,5.280409946295106,5.493256238083021
Franz Schubert / Franz Liszt,2011/MIDI-Unprocessed_25_R2_2011_MID--AUDIO_R2-D6_08_Track08_wav.midi,4.937460896242528,5.476788768578509
Franz Schubert / Franz Liszt,2011/MIDI-Unprocessed_12_R2_2011_MID--AUDIO_R2-D4_05_Track05_wav.midi,5.49032861070198,5.953072931114206
Frédéric Chopin,2004/MIDI-Unprocessed_SMF_05_R1_2004_01_ORIG_MID--AUDIO_05_R1_2004_02_Track02_wav.midi,5.7080381147144115,6.047024267573426
Frédéric Chopin,2004/MIDI-Unprocessed_SMF_05_R1_2004_01_ORIG_MID--AUDIO_05_R1_2004_03_Track03_wav.midi,5.7774299477663495,5.9117042437073675
Frédéric Chopin,2004/MIDI-Unprocessed_XP_06_R1_2004_01_ORIG_MID--AUDIO_06_R1_2004_01_Track01_wav.midi,5.667247141774636,5.835051386246182
Frédéric Chopin,2008/MIDI-Unprocessed_10_R3_2008_01-05_ORIG_MID--AUDIO_10_R3_2008_wav--5.midi,5.708871540788709,6.088333973487904
Frédéric Chopin,2008/MIDI-Unprocessed_11_R3_2008_01-04_ORIG_MID--AUDIO_11_R3_2008_wav--4.midi,5.717600699526438,6.087826035535644
Frédéric Chopin,2009/MIDI-Unprocessed_13_R1_2009_01-03_ORIG_MID--AUDIO_13_R1_2009_13_R1_2009_03_WAV.midi,5.698492391172492,6.038639780438128
Frédéric Chopin,2009/MIDI-Unprocessed_21_R1_2009_01-03_ORIG_MID--AUDIO_21_R1_2009_21_R1_2009_03_WAV.midi,5.705674592577154,6.069859566671248
Frédéric Chopin,2011/MIDI-Unprocessed_04_R3_2011_MID--AUDIO_R3-D2_06_Track06_wav.midi,5.692453773195331,6.0871569933705
Frédéric Chopin,2011/MIDI-Unprocessed_06_R1_2011_MID--AUDIO_R1-D2_17_Track17_wav.midi,5.695517040803796,6.077204129618903
Frédéric Chopin,2017/MIDI-Unprocessed_071_PIANO071_MID--AUDIO-split_07-08-17_Piano-e_1-04_wav--3.midi,5.702865320918778,6.047809085448992
Frédéric Chopin,2017/MIDI-Unprocessed_082_PIANO082_MID--AUDIO-split_07-09-17_Piano-e_2_-04_wav--2.midi,5.692915223066372,6.04808298162277
Frédéric Chopin,2014/MIDI-UNPROCESSED_04-05_R1_2014_MID--AUDIO_05_R1_2014_wav--7.midi,5.698711743916405,6.061614248856499
Frédéric Chopin,2015/MIDI-Unprocessed_R2_D1-2-3-6-7-8-11_mid--AUDIO-from_mp3_11_R2_2015_wav--4.midi,5.6864768268541965,6.032351464861269
Frédéric Chopin,2015/MIDI-Unprocessed_R2_D2-19-21-22_mid--AUDIO-from_mp3_22_R2_2015_wav--4.midi,5.692386072873944,6.055291794407596
Frédéric Chopin,2013/ORIG-MIDI_01_7_7_13_Group__MID--AUDIO_14_R1_2013_wav--4.midi,5.700221122121392,6.08074210607182
Frédéric Chopin,2006/MIDI-Unprocessed_04_R1_2006_01-04_ORIG_MID--AUDIO_04_R1_2006_01_Track01_wav.midi,5.581109161237768,5.923517784591663
Frédéric Chopin,2004/MIDI-Unprocessed_SMF_12_01_2004_01-05_ORIG_MID--AUDIO_12_R1_2004_07_Track07_wav.midi,5.6978458978481585,6.001973806682387
Frédéric Chopin,2004/MIDI-Unprocessed_SMF_17_R1_2004_01-03_ORIG_MID--AUDIO_17_R1_2004_06_Track06_wav.midi,5.671466649965291,5.947704892360814
Frédéric Chopin,2004/MIDI-Unprocessed_SMF_17_R1_2004_03-06_ORIG_MID--AUDIO_20_R2_2004_12_Track12_wav--2.midi,5.7154006143550635,6.001508249052712
Frédéric Chopin,2015/MIDI-Unprocessed_R2_D2-12-13-15_mid--AUDIO-from_mp3_12_R2_2015_wav--5.midi,5.692392719455676,6.012338904886309
Frédéric Chopin,2013/ORIG-MIDI_02_7_8_13_Group__MID--AUDIO_12_R2_2013_wav--3.midi,5.703695904520746,6.0031287303307925
Frédéric Chopin,2013/ORIG-MIDI_01_7_10_13_Group_MID--AUDIO_08_R3_2013_wav--3.midi,5.704584656612503,6.026650170450707
Frédéric Chopin,2011/MIDI-Unprocessed_04_R2_2011_MID--AUDIO_R2-D2_03_Track03_wav.midi,5.6843089918473115,6.047613023955367
Frédéric Chopin,2011/MIDI-Unprocessed_17_R1_2011_MID--AUDIO_R1-D7_05_Track05_wav.midi,5.690452997750542,6.020885650374331
Frédéric Chopin,2011/MIDI-Unprocessed_18_R1_2011_MID--AUDIO_R1-D7_10_Track10_wav.midi,5.7014055421638155,6.027587510117993
Frédéric Chopin,2017/MIDI-Unprocessed_046_PIANO046_MID--AUDIO-split_07-06-17_Piano-e_2-02_wav--4.midi,5.695427932558461,6.023537839727388
Frédéric Chopin,2008/MIDI-Unprocessed_02_R3_2008_01-03_ORIG_MID--AUDIO_02_R3_2008_wav--2.midi,5.647628574491477,6.118786240585577
Frédéric Chopin,2009/MIDI-Unprocessed_03_R1_2009_03-08_ORIG_MID--AUDIO_03_R1_2009_03_R1_2009_04_WAV.midi,5.683343638440754,6.205733537016165
Frédéric Chopin,2008/MIDI-Unprocessed_15_R1_2008_01-04_ORIG_MID--AUDIO_15_R1_2008_wav--3.midi,5.641063663661911,6.116163504911678
Frédéric Chopin,2017/MIDI-Unprocessed_050_PIANO050_MID--AUDIO-split_07-06-17_Piano-e_3-01_wav--4.midi,5.683053482886165,6.1139317582105255
Frédéric Chopin,2008/MIDI-Unprocessed_07_R2_2008_01-05_ORIG_MID--AUDIO_07_R2_2008_wav--4.midi,5.660368453699857,6.063079956145163
Frédéric Chopin,2011/MIDI-Unprocessed_10_R2_2011_MID--AUDIO_R2-D3_11_Track11_wav.midi,5.659406831696575,6.057284061134407
Frédéric Chopin,2008/MIDI-Unprocessed_08_R1_2008_01-05_ORIG_MID--AUDIO_08_R1_2008_wav--4.midi,5.611521344520085,5.905674242955502
Frédéric Chopin,2008/MIDI-Unprocessed_12_R3_2008_01-04_ORIG_MID--AUDIO_12_R3_2008_wav--2.midi,5.581482800784767,5.87585738294745
Frédéric Chopin,2014/MIDI-UNPROCESSED_01-03_R1_2014_MID--AUDIO_03_R1_2014_wav--5.midi,5.594117882671657,5.931422172930312
Frédéric Chopin,2013/ORIG-MIDI_02_7_7_13_Group__MID--AUDIO_17_R1_2013_wav--4.midi,5.593449846620058,5.873842139453963
Frédéric Chopin,2011/MIDI-Unprocessed_12_R1_2011_MID--AUDIO_R1-D4_14_Track14_wav.midi,5.610494873479957,5.903492184357862
Frédéric Chopin,2017/MIDI-Unprocessed_051_PIANO051_MID--AUDIO-split_07-06-17_Piano-e_3-02_wav--4.midi,5.588522600278157,5.834653924203475
Frédéric Chopin,2008/MIDI-Unprocessed_09_R3_2008_01-07_ORIG_MID--AUDIO_09_R3_2008_wav--5.midi,5.581645710793152,5.893203010501209
Frédéric Chopin,2006/MIDI-Unprocessed_13_R1_2006_01-06_ORIG_MID--AUDIO_13_R1_2006_06_Track06_wav.midi,5.411909550632089,5.988896948480215
Frédéric Chopin,2013/ORIG-MIDI_03_7_10_13_Group_MID--AUDIO_18_R3_2013_wav--1.midi,5.409627752736701,5.926290868722146
Frédéric Chopin,2009/MIDI-Unprocessed_10_R1_2009_03-05_ORIG_MID--AUDIO_10_R1_2009_10_R1_2009_03_WAV.midi,5.404642947725879,5.945110746130132
Frédéric Chopin,2008/MIDI-Unprocessed_08_R3_2008_01-05_ORIG_MID--AUDIO_08_R3_2008_wav--1.midi,5.417815720777899,5.969693123699876
Frédéric Chopin,2013/ORIG-MIDI_01_7_10_13_Group_MID--AUDIO_07_R3_2013_wav--3.midi,5.3945305119469324,5.967828455480103
Frédéric Chopin,2017/MIDI-Unprocessed_049_PIANO049_MID--AUDIO-split_07-06-17_Piano-e_2-06_wav--5.midi,5.403081213202072,5.874017513750725
Frédéric Chopin,2008/MIDI-Unprocessed_14_R1_2008_01-05_ORIG_MID--AUDIO_14_R1_2008_wav--4.midi,4.8902595949796215,5.716533227460838
Frédéric Chopin,2017/MIDI-Unprocessed_083_PIANO083_MID--AUDIO-split_07-09-17_Piano-e_2_-06_wav--5.midi,4.885074292062077,5.757788544780539
Frédéric Chopin,2014/MIDI-UNPROCESSED_04-05_R1_2014_MID--AUDIO_05_R1_2014_wav--4.midi,4.896252866906323,5.748976572469127
Frédéric Chopin,2015/MIDI-Unprocessed_R1_D1-9-12_mid--AUDIO-from_mp3_09_R1_2015_wav--4.midi,4.892381577447645,5.742967534646819
Frédéric Chopin,2011/MIDI-Unprocessed_25_R3_2011_MID--AUDIO_R3-D9_05_Track05_wav.midi,4.86981343506541,5.788032460898643
Frédéric Chopin,2004/MIDI-Unprocessed_SMF_17_R1_2004_04_ORIG_MID--AUDIO_17_R1_2004_09_Track09_wav.midi,5.649992618583216,5.945263773514517
Frédéric Chopin,2004/MIDI-Unprocessed_SMF_17_R1_2004_04_ORIG_MID--AUDIO_17_R1_2004_11_Track11_wav.midi,5.862369427458136,6.041625474533532
Frédéric Chopin,2015/MIDI-Unprocessed_R1_D1-1-8_mid--AUDIO-from_mp3_03_R1_2015_wav--2.midi,5.66827890470297,4.75136801643224
Frédéric Chopin,2015/MIDI-Unprocessed_R1_D1-9-12_mid--AUDIO-from_mp3_10_R1_2015_wav--2.midi,5.672696760315015,4.784819513623571
Frédéric Chopin,2015/MIDI-Unprocessed_R1_D1-9-12_mid--AUDIO-from_mp3_12_R1_2015_wav--4.midi,5.700249570728943,4.791034140261431
Frédéric Chopin,2015/MIDI-Unprocessed_R1_D2-13-20_mid--AUDIO-from_mp3_20_R1_2015_wav--3.midi,5.682611798830082,4.806419981963379
Frédéric Chopin,2013/ORIG-MIDI_02_7_7_13_Group__MID--AUDIO_19_R1_2013_wav--3.midi,5.679401483269373,4.729435022500222
Frédéric Chopin,2017/MIDI-Unprocessed_042_PIANO042_MID--AUDIO-split_07-06-17_Piano-e_1-02_wav--2.midi,5.672745107906561,4.834086191605852
Frédéric Chopin,2017/MIDI-Unprocessed_043_PIANO043_MID--AUDIO-split_07-06-17_Piano-e_1-03_wav--3.midi,5.669075104124241,4.703615258995566
Frédéric Chopin,2017/MIDI-Unprocessed_059_PIANO059_MID--AUDIO-split_07-07-17_Piano-e_2-03_wav--3.midi,5.6749175057368655,4.7519165694365935
Frédéric Chopin,2017/MIDI-Unprocessed_053_PIANO053_MID--AUDIO-split_07-06-17_Piano-e_3-04_wav--2.midi,5.478102441055173,5.912327209655954
Frédéric Chopin,2015/MIDI-Unprocessed_R1_D1-1-8_mid--AUDIO-from_mp3_05_R1_2015_wav--4.midi,5.456474692083303,5.647319821639949
Frédéric Chopin,2015/MIDI-Unprocessed_R1_D1-1-8_mid--AUDIO-from_mp3_06_R1_2015_wav--6.midi,5.439750807894658,5.785940705272059
Frédéric Chopin,2015/MIDI-Unprocessed_R1_D1-9-12_mid--AUDIO-from_mp3_11_R1_2015_wav--3.midi,5.453155183495967,5.6348471973072325
Frédéric Chopin,2015/MIDI-Unprocessed_R1_D2-21-22_mid--AUDIO-from_mp3_22_R1_2015_wav--3.midi,5.461496880105345,5.6542512329589005
Frédéric Chopin,2011/MIDI-Unprocessed_07_R1_2011_MID--AUDIO_R1-D3_03_Track03_wav.midi,5.475938093084588,5.768605767472786
Frédéric Chopin,2015/MIDI-Unprocessed_R1_D2-13-20_mid--AUDIO-from_mp3_15_R1_2015_wav--2.midi,5.358487636532649,5.484052492023372
Frédéric Chopin,2013/ORIG-MIDI_02_7_6_13_Group__MID--AUDIO_06_R1_2013_wav--3.midi,5.341890192643246,5.5841005425621155
Frédéric Chopin,2017/MIDI-Unprocessed_070_PIANO070_MID--AUDIO-split_07-08-17_Piano-e_1-02_wav--2.midi,5.3378245616739575,5.477078687356928
Frédéric Chopin,2013/ORIG-MIDI_02_7_6_13_Group__MID--AUDIO_08_R1_2013_wav--3.midi,5.543529500368676,5.871885912049967
Frédéric Chopin,2013/ORIG-MIDI_01_7_7_13_Group__MID--AUDIO_14_R1_2013_wav--3.midi,5.52483477447443,5.871065433738945
Frédéric Chopin,2011/MIDI-Unprocessed_01_R1_2011_MID--AUDIO_R1-D1_05_Track05_wav.midi,5.568865851527358,5.882377053798508
Frédéric Chopin,2011/MIDI-Unprocessed_18_R1_2011_MID--AUDIO_R1-D7_09_Track09_wav.midi,5.523619868122479,5.852228929091368
Frédéric Chopin,2011/MIDI-Unprocessed_21_R1_2011_MID--AUDIO_R1-D8_09_Track09_wav.midi,5.520986640625898,5.833773057310486
Frédéric Chopin,2008/MIDI-Unprocessed_03_R1_2008_01-04_ORIG_MID--AUDIO_03_R1_2008_wav--3.midi,5.514652187551819,5.881991990061818
Frédéric Chopin,2017/MIDI-Unprocessed_044_PIANO044_MID--AUDIO-split_07-06-17_Piano-e_1-04_wav--3.midi,5.538052249061844,5.832747553898552
Frédéric Chopin,2017/MIDI-Unprocessed_049_PIANO049_MID--AUDIO-split_07-06-17_Piano-e_2-06_wav--3.midi,5.507316578975044,5.846552509487073
Frédéric Chopin,2017/MIDI-Unprocessed_067_PIANO067_MID--AUDIO-split_07-07-17_Piano-e_3-03_wav--3.midi,5.517995080113325,5.84895276653475
Frédéric Chopin,2017/MIDI-Unprocessed_058_PIANO058_MID--AUDIO-split_07-07-17_Piano-e_2-02_wav--2.midi,4.888785073008591,5.719971943724621
Frédéric Chopin,2017/MIDI-Unprocessed_060_PIANO060_MID--AUDIO-split_07-07-17_Piano-e_2-04_wav--3.midi,4.843857982528526,5.719641397115157
Frédéric Chopin,2017/MIDI-Unprocessed_062_PIANO062_MID--AUDIO-split_07-07-17_Piano-e_2-07_wav--3.midi,4.877412498969749,5.763004191897046
Frédéric Chopin,2015/MIDI-Unprocessed_R1_D1-9-12_mid--AUDIO-from_mp3_09_R1_2015_wav--3.midi,5.515012983773017,5.713944413516081
Frédéric Chopin,2013/ORIG-MIDI_02_7_7_13_Group__MID--AUDIO_17_R1_2013_wav--3.midi,5.512896768938048,5.679008396880093
Frédéric Chopin,2008/MIDI-Unprocessed_15_R1_2008_01-04_ORIG_MID--AUDIO_15_R1_2008_wav--4.midi,5.5167450069766835,5.7192860504305525
Frédéric Chopin,2011/MIDI-Unprocessed_04_R1_2011_MID--AUDIO_R1-D2_04_Track04_wav.midi,5.498522600782475,5.752835707591703
Frédéric Chopin,2011/MIDI-Unprocessed_19_R1_2011_MID--AUDIO_R1-D7_14_Track14_wav.midi,5.518942256769111,5.715265341822494
Frédéric Chopin,2015/MIDI-Unprocessed_R1_D1-1-8_mid--AUDIO-from_mp3_07_R1_2015_wav--3.midi,4.930315205492902,5.522964104046316
Frédéric Chopin,2013/ORIG-MIDI_03_7_6_13_Group__MID--AUDIO_10_R1_2013_wav--3.midi,4.955755400256213,5.57092348217149
Frédéric Chopin,2017/MIDI-Unprocessed_056_PIANO056_MID--AUDIO-split_07-07-17_Piano-e_1-05_wav--2.midi,4.960468422605307,5.62598793442973
Frédéric Chopin,2017/MIDI-Unprocessed_057_PIANO057_MID--AUDIO-split_07-07-17_Piano-e_1-07_wav--4.midi,4.9446276146930295,5.539357819843404
Frédéric Chopin,2013/ORIG-MIDI_02_7_7_13_Group__MID--AUDIO_18_R1_2013_wav--5.midi,5.7177105386038285,5.791173866724793
Frédéric Chopin,2011/MIDI-Unprocessed_20_R1_2011_MID--AUDIO_R1-D8_03_Track03_wav.midi,5.751968414709855,5.993795383497909
Frédéric Chopin,2011/MIDI-Unprocessed_22_R1_2011_MID--AUDIO_R1-D8_11_Track11_wav.midi,5.7541792328815085,6.03950174693219
Frédéric Chopin,2017/MIDI-Unprocessed_041_PIANO041_MID--AUDIO-split_07-06-17_Piano-e_1-01_wav--3.midi,5.717234828103278,5.9493380133345255
Frédéric Chopin,2015/MIDI-Unprocessed_R1_D1-1-8_mid--AUDIO-from_mp3_08_R1_2015_wav--3.midi,5.862997274968781,6.061755963461286
Frédéric Chopin,2015/MIDI-Unprocessed_R1_D2-13-20_mid--AUDIO-from_mp3_18_R1_2015_wav--2.midi,5.861679245157843,6.05496292722419
Frédéric Chopin,2013/ORIG-MIDI_02_7_8_13_Group__MID--AUDIO_08_R2_2013_wav--2.midi,5.8569603045832475,6.103059320291962
Frédéric Chopin,2008/MIDI-Unprocessed_11_R1_2008_01-04_ORIG_MID--AUDIO_11_R1_2008_wav--4.midi,5.870478691882256,6.120444522136701
Frédéric Chopin,2011/MIDI-Unprocessed_11_R1_2011_MID--AUDIO_R1-D4_09_Track09_wav.midi,5.865332312614433,6.09187783309071
Frédéric Chopin,2011/MIDI-Unprocessed_13_R1_2011_MID--AUDIO_R1-D5_03_Track03_wav.midi,5.8492545362797745,6.099449990057227
Frédéric Chopin,2011/MIDI-Unprocessed_16_R1_2011_MID--AUDIO_R1-D6_13_Track13_wav.midi,5.875093911268549,6.10453421468894
Frédéric Chopin,2011/MIDI-Unprocessed_17_R1_2011_MID--AUDIO_R1-D7_04_Track04_wav.midi,5.859558976042703,6.0571127620200125
Frédéric Chopin,2017/MIDI-Unprocessed_051_PIANO051_MID--AUDIO-split_07-06-17_Piano-e_3-02_wav--3.midi,5.867427347688945,6.016451580330926
Frédéric Chopin,2015/MIDI-Unprocessed_R1_D1-1-8_mid--AUDIO-from_mp3_04_R1_2015_wav--4.midi,5.271522418256347,5.240437929350901
Frédéric Chopin,2015/MIDI-Unprocessed_R1_D2-13-20_mid--AUDIO-from_mp3_14_R1_2015_wav--4.midi,5.274056704557502,5.080325986240739
Frédéric Chopin,2011/MIDI-Unprocessed_09_R1_2011_MID--AUDIO_R1-D3_14_Track14_wav.midi,5.343065304358706,5.28549449456241
Frédéric Chopin,2008/MIDI-Unprocessed_09_R2_2008_01-05_ORIG_MID--AUDIO_09_R2_2008_wav--2.midi,5.404717315194824,5.882447346033244
Frédéric Chopin,2015/MIDI-Unprocessed_R1_D2-13-20_mid--AUDIO-from_mp3_19_R1_2015_wav--3.midi,5.501029731170655,5.714325789611018
Frédéric Chopin,2013/ORIG-MIDI_01_7_6_13_Group__MID--AUDIO_03_R1_2013_wav--3.midi,5.512190588629847,5.735255616674105
Frédéric Chopin,2011/MIDI-Unprocessed_03_R1_2011_MID--AUDIO_R1-D1_17_Track17_wav.midi,5.509528953422796,5.737803096468381
Frédéric Chopin,2011/MIDI-Unprocessed_06_R1_2011_MID--AUDIO_R1-D2_16_Track16_wav.midi,5.503485446854247,5.727146852728299
Frédéric Chopin,2014/MIDI-UNPROCESSED_16-18_R1_2014_MID--AUDIO_18_R1_2014_wav--4.midi,5.88147355506691,6.095549992530137
Frédéric Chopin,2014/MIDI-UNPROCESSED_16-18_R1_2014_MID--AUDIO_18_R1_2014_wav--3.midi,5.510379235973647,5.663088946997898
Frédéric Chopin,2011/MIDI-Unprocessed_24_R1_2011_MID--AUDIO_R1-D9_10_Track10_wav.midi,5.495471945245635,5.664593736637969
Frédéric Chopin,2011/MIDI-Unprocessed_24_R1_2011_MID--AUDIO_R1-D9_11_Track11_wav.midi,5.015824627734214,5.797582786540347
Frédéric Chopin,2013/ORIG-MIDI_01_7_8_13_Group__MID--AUDIO_03_R2_2013_wav--1.midi,5.537956391185459,5.899913008773429
Frédéric Chopin,2017/MIDI-Unprocessed_061_PIANO061_MID--AUDIO-split_07-07-17_Piano-e_2-05_wav--3.midi,5.7726624371015145,6.021365697848467
Frédéric Chopin,2009/MIDI-Unprocessed_06_R1_2009_03-07_ORIG_MID--AUDIO_06_R1_2009_06_R1_2009_06_WAV.midi,5.7775320501042575,6.05135433968594
Frédéric Chopin,2013/ORIG-MIDI_01_7_7_13_Group__MID--AUDIO_11_R1_2013_wav--3.midi,5.003983319201335,5.528836533799801
Frédéric Chopin,2011/MIDI-Unprocessed_12_R3_2011_MID--AUDIO_R3-D4_02_Track02_wav.midi,4.642932671169283,5.511939165604918
Frédéric Chopin,2013/ORIG-MIDI_02_7_7_13_Group__MID--AUDIO_16_R1_2013_wav--3.midi,5.012017173016036,5.545895273091746
Frédéric Chopin,2008/MIDI-Unprocessed_07_R2_2008_01-05_ORIG_MID--AUDIO_07_R2_2008_wav--3.midi,4.783474007014901,5.5929442728984755
Frédéric Chopin,2014/MIDI-UNPROCESSED_04-05_R1_2014_MID--AUDIO_05_R1_2014_wav--5.midi,4.707175572596076,5.542103233552588
Frédéric Chopin,2008/MIDI-Unprocessed_07_R2_2008_01-05_ORIG_MID--AUDIO_07_R2_2008_wav--2.midi,4.625821727778255,5.474566762134202
Frédéric Chopin,2014/MIDI-UNPROCESSED_04-08-12_R3_2014_MID--AUDIO_12_R3_2014_wav--2.midi,5.252581533699627,5.671960580810269
Frédéric Chopin,2015/MIDI-Unprocessed_R1_D1-9-12_mid--AUDIO-from_mp3_12_R1_2015_wav--3.midi,4.980022449586435,5.424423887002152
Frédéric Chopin,2011/MIDI-Unprocessed_22_R2_2011_MID--AUDIO_R2-D5_10_Track10_wav.midi,5.134064187571092,5.894731179658295
Frédéric Chopin,2015/MIDI-Unprocessed_R1_D2-21-22_mid--AUDIO-from_mp3_22_R1_2015_wav--4.midi,5.311828204817525,5.873474190899648
Frédéric Chopin,2017/MIDI-Unprocessed_058_PIANO058_MID--AUDIO-split_07-07-17_Piano-e_2-02_wav--4.midi,5.323739339944835,5.938302381568359
Frédéric Chopin,2011/MIDI-Unprocessed_02_R2_2011_MID--AUDIO_R2-D1_03_Track03_wav.midi,4.960708998222144,5.627478660063221
Frédéric Chopin,2015/MIDI-Unprocessed_R1_D1-1-8_mid--AUDIO-from_mp3_01_R1_2015_wav--2.midi,5.45481933329872,5.8840347712592465
Frédéric Chopin,2015/MIDI-Unprocessed_R1_D1-1-8_mid--AUDIO-from_mp3_04_R1_2015_wav--3.midi,5.142442495718529,5.8845767057537826
Frédéric Chopin,2017/MIDI-Unprocessed_072_PIANO072_MID--AUDIO-split_07-08-17_Piano-e_1-06_wav--3.midi,5.168953238151421,5.5696250094092585
Frédéric Chopin,2009/MIDI-Unprocessed_06_R1_2009_03-07_ORIG_MID--AUDIO_06_R1_2009_06_R1_2009_05_WAV.midi,5.218922811653316,5.671168186823796
Frédéric Chopin,2011/MIDI-Unprocessed_06_R3_2011_MID--AUDIO_R3-D3_05_Track05_wav.midi,5.339044559231382,5.8671413351964965
Frédéric Chopin,2009/MIDI-Unprocessed_02_R1_2009_03-06_ORIG_MID--AUDIO_02_R1_2009_02_R1_2009_03_WAV.midi,5.335721944160753,5.828950988131343
Frédéric Chopin,2014/MIDI-UNPROCESSED_01-03_R1_2014_MID--AUDIO_03_R1_2014_wav--4.midi,5.343784788497413,5.774741547512046
Frédéric Chopin,2008/MIDI-Unprocessed_16_R1_2008_01-04_ORIG_MID--AUDIO_16_R1_2008_wav--3.midi,5.469523534982903,6.001500256193403
Frédéric Chopin,2014/MIDI-UNPROCESSED_04-05_R1_2014_MID--AUDIO_05_R1_2014_wav--6.midi,5.066878368858252,5.571983950931109
Frédéric Chopin,2017/MIDI-Unprocessed_057_PIANO057_MID--AUDIO-split_07-07-17_Piano-e_1-07_wav--3.midi,5.137873149220061,5.848927488573001
Frédéric Chopin,2006/MIDI-Unprocessed_19_R1_2006_01-07_ORIG_MID--AUDIO_19_R1_2006_06_Track06_wav.midi,5.314515766239361,5.91671075948526
Frédéric Chopin,2006/MIDI-Unprocessed_19_R1_2006_01-07_ORIG_MID--AUDIO_19_R1_2006_07_Track07_wav.midi,5.711683219386411,5.915871167948959
Frédéric Chopin,2013/ORIG-MIDI_03_7_8_13_Group__MID--AUDIO_18_R2_2013_wav--3.midi,5.150792877701492,5.922541126752506
Frédéric Chopin,2008/MIDI-Unprocessed_17_R2_2008_01-04_ORIG_MID--AUDIO_17_R2_2008_wav--1.midi,5.1891153700873724,5.729193141911388
Frédéric Chopin,2008/MIDI-Unprocessed_09_R2_2008_01-05_ORIG_MID--AUDIO_09_R2_2008_wav--3.midi,5.224014512723228,5.706079434106539
Frédéric Chopin,2006/MIDI-Unprocessed_15_R1_2006_01-05_ORIG_MID--AUDIO_15_R1_2006_02_Track02_wav.midi,5.651504921232039,6.083483588034559
Frédéric Chopin,2013/ORIG-MIDI_03_7_8_13_Group__MID--AUDIO_19_R2_2013_wav--4.midi,5.68663660051913,5.950800248109483
Frédéric Chopin,2011/MIDI-Unprocessed_22_R2_2011_MID--AUDIO_R2-D5_11_Track11_wav.midi,5.705433764758653,6.007556202447487
Frédéric Chopin,2006/MIDI-Unprocessed_17_R1_2006_01-06_ORIG_MID--AUDIO_17_R1_2006_02_Track02_wav.midi,5.520243079371431,5.781917884538244
Frédéric Chopin,2008/MIDI-Unprocessed_12_R1_2008_01-04_ORIG_MID--AUDIO_12_R1_2008_wav--4.midi,5.534996580584687,5.7729528115284925
Frédéric Chopin,2009/MIDI-Unprocessed_01_R1_2009_01-04_ORIG_MID--AUDIO_01_R1_2009_01_R1_2009_04_WAV.midi,5.519248048304874,5.815210582772866
Frédéric Chopin,2009/MIDI-Unprocessed_07_R1_2009_01-03_ORIG_MID--AUDIO_07_R1_2009_07_R1_2009_03_WAV.midi,5.523928089496936,5.803080784946638
Frédéric Chopin,2015/MIDI-Unprocessed_R1_D1-1-8_mid--AUDIO-from_mp3_02_R1_2015_wav--5.midi,5.450083643567815,5.440604005725429
Frédéric Chopin,2009/MIDI-Unprocessed_17_R1_2009_04_ORIG_MID--AUDIO_17_R1_2009_17_R1_2009_04_WAV.midi,5.659887442507766,5.843665210613496
Frédéric Chopin,2011/MIDI-Unprocessed_19_R1_2011_MID--AUDIO_R1-D7_15_Track15_wav.midi,5.638794311418962,5.893143825962098
Frédéric Chopin,2013/ORIG-MIDI_01_7_6_13_Group__MID--AUDIO_04_R1_2013_wav--4.midi,5.63536523927817,5.9163672198040205
Frédéric Chopin,2011/MIDI-Unprocessed_01_R1_2011_MID--AUDIO_R1-D1_06_Track06_wav.midi,5.566644746384864,5.847403844718268
Frédéric Chopin,2011/MIDI-Unprocessed_07_R1_2011_MID--AUDIO_R1-D3_05_Track05_wav.midi,5.527749845575639,5.8043892097217675
Frédéric Chopin,2013/ORIG-MIDI_03_7_6_13_Group__MID--AUDIO_10_R1_2013_wav--4.midi,5.5531707338939285,5.7895140594929515
Frédéric Chopin,2014/MIDI-UNPROCESSED_06-08_R1_2014_MID--AUDIO_07_R1_2014_wav--3.midi,5.668301929961416,6.021660493189641
Frédéric Chopin,2015/MIDI-Unprocessed_R1_D1-1-8_mid--AUDIO-from_mp3_07_R1_2015_wav--4.midi,5.675335125870698,5.9996397029350605
Frédéric Chopin,2017/MIDI-Unprocessed_056_PIANO056_MID--AUDIO-split_07-07-17_Piano-e_1-05_wav--4.midi,5.692817924005239,5.9949674064520995
Frédéric Chopin,2017/MIDI-Unprocessed_057_PIANO057_MID--AUDIO-split_07-07-17_Piano-e_1-07_wav--5.midi,5.695906088997276,5.996554097771906
Frédéric Chopin,2008/MIDI-Unprocessed_10_R1_2008_01-04_ORIG_MID--AUDIO_10_R1_2008_wav--3.midi,5.686019925732852,6.060948262801065
Frédéric Chopin,2015/MIDI-Unprocessed_R1_D2-13-20_mid--AUDIO-from_mp3_16_R1_2015_wav--4.midi,5.709324759438568,6.028172721615225
Frédéric Chopin,2015/MIDI-Unprocessed_R1_D2-13-20_mid--AUDIO-from_mp3_20_R1_2015_wav--4.midi,5.694321080023416,6.041668200975269
Frédéric Chopin,2015/MIDI-Unprocessed_R2_D1-2-3-6-7-8-11_mid--AUDIO-from_mp3_06_R2_2015_wav--4.midi,5.678414003005267,6.006867153715578
Frédéric Chopin,2015/MIDI-Unprocessed_R2_D2-19-21-22_mid--AUDIO-from_mp3_22_R2_2015_wav--3.midi,5.686059120696612,6.002412324565759
Frédéric Chopin,2017/MIDI-Unprocessed_062_PIANO062_MID--AUDIO-split_07-07-17_Piano-e_2-07_wav--4.midi,5.6930364096343125,6.022355256683245
Frédéric Chopin,2009/MIDI-Unprocessed_06_R1_2009_03-07_ORIG_MID--AUDIO_06_R1_2009_06_R1_2009_07_WAV.midi,5.677523571684243,5.993321335760671
Frédéric Chopin,2006/MIDI-Unprocessed_01_R1_2006_01-09_ORIG_MID--AUDIO_01_R1_2006_05_Track05_wav.midi,5.760871251008949,5.933368479548502
Frédéric Chopin,2015/MIDI-Unprocessed_R1_D1-1-8_mid--AUDIO-from_mp3_05_R1_2015_wav--5.midi,5.750120489674927,5.850925386993293
Frédéric Chopin,2011/MIDI-Unprocessed_23_R1_2011_MID--AUDIO_R1-D9_04_Track04_wav.midi,5.5660863828443805,5.777715290184807
Frédéric Chopin,2004/MIDI-Unprocessed_XP_10_R1_2004_03-04_ORIG_MID--AUDIO_10_R1_2004_03_Track03_wav.midi,5.554335537692788,5.748553828033845
Frédéric Chopin,2009/MIDI-Unprocessed_16_R1_2009_01-02_ORIG_MID--AUDIO_16_R1_2009_16_R1_2009_02_WAV.midi,5.539424349736539,5.755772771400873
Frédéric Chopin,2008/MIDI-Unprocessed_08_R2_2008_01-04_ORIG_MID--AUDIO_08_R2_2008_wav--1.midi,5.564612688090927,5.771333405720271
Frédéric Chopin,2014/MIDI-UNPROCESSED_06-08_R1_2014_MID--AUDIO_07_R1_2014_wav--4.midi,5.551988806998021,5.7458208323361415
Frédéric Chopin,2015/MIDI-Unprocessed_R1_D2-13-20_mid--AUDIO-from_mp3_15_R1_2015_wav--5.midi,5.555071601869975,5.760166187164882
Frédéric Chopin,2013/ORIG-MIDI_03_7_6_13_Group__MID--AUDIO_09_R1_2013_wav--4.midi,5.5698739179829495,5.782160989303652
Frédéric Chopin,2017/MIDI-Unprocessed_041_PIANO041_MID--AUDIO-split_07-06-17_Piano-e_1-01_wav--4.midi,5.5542276397011054,5.768951743783736
Frédéric Chopin,2017/MIDI-Unprocessed_044_PIANO044_MID--AUDIO-split_07-06-17_Piano-e_1-04_wav--4.midi,5.57175893876639,5.705788571767441
Frédéric Chopin,2017/MIDI-Unprocessed_048_PIANO048_MID--AUDIO-split_07-06-17_Piano-e_2-05_wav--4.midi,5.557780646522784,5.790649365285271
Frédéric Chopin,2017/MIDI-Unprocessed_053_PIANO053_MID--AUDIO-split_07-06-17_Piano-e_3-04_wav--4.midi,5.567387898038441,5.773286420956737
Frédéric Chopin,2006/MIDI-Unprocessed_07_R1_2006_01-04_ORIG_MID--AUDIO_07_R1_2006_03_Track03_wav.midi,5.710539347001454,5.860013687928834
Frédéric Chopin,2018/MIDI-Unprocessed_Recital5-7_MID--AUDIO_06_R1_2018_wav--3.midi,5.566555972107978,5.862405187928409
Frédéric Chopin,2013/ORIG-MIDI_02_7_10_13_Group_MID--AUDIO_14_R3_2013_wav--2.midi,5.578620194277992,5.870082345948862
Frédéric Chopin,2006/MIDI-Unprocessed_20_R1_2006_01-04_ORIG_MID--AUDIO_20_R1_2006_04_Track04_wav.midi,5.700600445958224,5.847023150672555
Frédéric Chopin,2004/MIDI-Unprocessed_XP_09_R1_2004_05_ORIG_MID--AUDIO_09_R1_2004_06_Track06_wav.midi,5.580830976089655,5.8695867272367135
Frédéric Chopin,2004/MIDI-Unprocessed_XP_09_R1_2004_05_ORIG_MID--AUDIO_09_R1_2004_07_Track07_wav.midi,5.485930465394533,5.203708773527075
Frédéric Chopin,2004/MIDI-Unprocessed_XP_09_R1_2004_05_ORIG_MID--AUDIO_09_R1_2004_08_Track08_wav.midi,5.705479976298459,5.91010867147551
Frédéric Chopin,2018/MIDI-Unprocessed_Recital13-15_MID--AUDIO_13_R1_2018_wav--3.midi,5.699483975238921,5.841836813846855
Frédéric Chopin,2018/MIDI-Unprocessed_Chamber5_MID--AUDIO_18_R3_2018_wav--1.midi,5.69751530490609,5.831674677420336
Frédéric Chopin,2014/MIDI-UNPROCESSED_06-08_R1_2014_MID--AUDIO_06_R1_2014_wav--2.midi,5.72003362459606,5.894416062105706
Frédéric Chopin,2014/MIDI-UNPROCESSED_21-22_R1_2014_MID--AUDIO_22_R1_2014_wav--5.midi,5.710430333577694,5.886615326530362
Frédéric Chopin,2013/ORIG-MIDI_03_7_8_13_Group__MID--AUDIO_18_R2_2013_wav--4.midi,5.586724018497973,5.834198982738706
Frédéric Chopin,2017/MIDI-Unprocessed_052_PIANO052_MID--AUDIO-split_07-06-17_Piano-e_3-03_wav--5.midi,5.591743328238778,5.847448494605092
Frédéric Chopin,2004/MIDI-Unprocessed_XP_18_R1_2004_04_ORIG_MID--AUDIO_18_R1_2004_07_Track07_wav.midi,5.709500409792728,5.859155288466193
Frédéric Chopin,2011/MIDI-Unprocessed_11_R1_2011_MID--AUDIO_R1-D4_10_Track10_wav.midi,4.179915726161574,5.005568921842847
Frédéric Chopin,2011/MIDI-Unprocessed_11_R1_2011_MID--AUDIO_R1-D4_11_Track11_wav.midi,5.653824179274857,6.1318654088908175
Frédéric Chopin,2015/MIDI-Unprocessed_R1_D2-13-20_mid--AUDIO-from_mp3_15_R1_2015_wav--4.midi,5.19826076172449,5.8350528210256005
Frédéric Chopin,2009/MIDI-Unprocessed_07_R1_2009_01-03_ORIG_MID--AUDIO_07_R1_2009_07_R1_2009_02_WAV.midi,5.19644665041281,5.81569845595036
Giuseppe Verdi / Franz Liszt,2006/MIDI-Unprocessed_15_R1_2006_01-05_ORIG_MID--AUDIO_15_R1_2006_04_Track04_wav.midi,5.787328511577763,6.120586952784175
Johann Sebastian Bach,2018/MIDI-Unprocessed_Recital17-19_MID--AUDIO_19_R1_2018_wav--1.midi,5.177206826580747,5.210779990896914
Johann Sebastian Bach,2014/MIDI-UNPROCESSED_04-05_R1_2014_MID--AUDIO_05_R1_2014_wav--1.midi,5.167193701048623,5.196386092784468
Johann Sebastian Bach,2015/MIDI-Unprocessed_R2_D2-19-21-22_mid--AUDIO-from_mp3_19_R2_2015_wav--1.midi,5.166753615070511,5.163554028220123
Johann Sebastian Bach,2009/MIDI-Unprocessed_06_R1_2009_03-07_ORIG_MID--AUDIO_06_R1_2009_06_R1_2009_03_WAV.midi,5.190366764691717,5.404259381373637
Johann Sebastian Bach,2009/MIDI-Unprocessed_06_R1_2009_03-07_ORIG_MID--AUDIO_06_R1_2009_06_R1_2009_04_WAV.midi,4.897331336911882,5.500640981757037
Johann Sebastian Bach,2015/MIDI-Unprocessed_R1_D1-1-8_mid--AUDIO-from_mp3_08_R1_2015_wav--1.midi,4.919877538535794,5.4845198203606005
Johann Sebastian Bach,2018/MIDI-Unprocessed_Recital5-7_MID--AUDIO_06_R1_2018_wav--1.midi,5.004151967568639,5.553265687461894
Johann Sebastian Bach,2013/ORIG-MIDI_01_7_10_13_Group_MID--AUDIO_08_R3_2013_wav--2.midi,5.006131393025408,5.580742784264428
Johann Sebastian Bach,2008/MIDI-Unprocessed_08_R1_2008_01-05_ORIG_MID--AUDIO_08_R1_2008_wav--1.midi,5.057762970825484,5.776431382875667
Johann Sebastian Bach,2004/MIDI-Unprocessed_SMF_02_R1_2004_01-05_ORIG_MID--AUDIO_02_R1_2004_05_Track05_wav.midi,4.890775264705872,5.754924156820462
Johann Sebastian Bach,2004/MIDI-Unprocessed_SMF_22_R1_2004_01-04_ORIG_MID--AUDIO_22_R1_2004_03_Track03_wav.midi,4.832275333061486,5.739698475001618
Johann Sebastian Bach,2004/MIDI-Unprocessed_SMF_22_R1_2004_01-04_ORIG_MID--AUDIO_22_R1_2004_05_Track05_wav.midi,4.875994315520032,5.514775418587762
Johann Sebastian Bach,2014/MIDI-UNPROCESSED_16-18_R1_2014_MID--AUDIO_18_R1_2014_wav--1.midi,4.964907605048538,5.680957585079279
Johann Sebastian Bach,2018/MIDI-Unprocessed_Recital13-15_MID--AUDIO_14_R1_2018_wav--1.midi,4.960920337107129,5.697969885603992
Johann Sebastian Bach,2015/MIDI-Unprocessed_R2_D1-2-3-6-7-8-11_mid--AUDIO-from_mp3_07_R2_2015_wav--1.midi,4.958323544728499,5.706938860896941
Johann Sebastian Bach,2013/ORIG-MIDI_01_7_10_13_Group_MID--AUDIO_07_R3_2013_wav--1.midi,4.950831222775951,5.447372459572683
Johann Sebastian Bach,2014/MIDI-UNPROCESSED_14-15_R1_2014_MID--AUDIO_14_R1_2014_wav--1.midi,4.911694184732489,5.488917841049667
Johann Sebastian Bach,2013/ORIG-MIDI_02_7_8_13_Group__MID--AUDIO_12_R2_2013_wav--1.midi,4.969962412045118,5.372258151188341
Johann Sebastian Bach,2018/MIDI-Unprocessed_Chamber4_MID--AUDIO_11_R3_2018_wav--1.midi,4.943033151149858,5.430150929581692
Johann Sebastian Bach,2009/MIDI-Unprocessed_10_R1_2009_01-02_ORIG_MID--AUDIO_10_R1_2009_10_R1_2009_01_WAV.midi,5.097407794436693,5.468551455886398
Johann Sebastian Bach,2014/MIDI-UNPROCESSED_06-08_R1_2014_MID--AUDIO_07_R1_2014_wav--2.midi,5.084346753635417,5.628042093939902
Johann Sebastian Bach,2006/MIDI-Unprocessed_17_R1_2006_01-06_ORIG_MID--AUDIO_17_R1_2006_01_Track01_wav.midi,5.825881787119854,6.134039428620612
Johann Sebastian Bach,2006/MIDI-Unprocessed_19_R1_2006_01-07_ORIG_MID--AUDIO_19_R1_2006_01_Track01_wav.midi,4.688562500161116,5.255338259652533
Johann Sebastian Bach,2013/ORIG-MIDI_01_7_6_13_Group__MID--AUDIO_02_R1_2013_wav--1.midi,4.859954677355954,5.597567448548104
Johann Sebastian Bach,2004/MIDI-Unprocessed_SMF_17_R1_2004_01-02_ORIG_MID--AUDIO_20_R2_2004_02_Track02_wav.midi,4.900044396962001,5.409066934528434
Johann Sebastian Bach,2011/MIDI-Unprocessed_11_R1_2011_MID--AUDIO_R1-D4_07_Track07_wav.midi,4.998302798740004,5.543174493647773
Johann Sebastian Bach,2015/MIDI-Unprocessed_R1_D1-1-8_mid--AUDIO-from_mp3_02_R1_2015_wav--1.midi,4.793395527605853,5.649666948965385
Johann Sebastian Bach,2015/MIDI-Unprocessed_R1_D2-13-20_mid--AUDIO-from_mp3_16_R1_2015_wav--1.midi,4.876331071635874,5.582768380932091
Johann Sebastian Bach,2015/MIDI-Unprocessed_R1_D2-13-20_mid--AUDIO-from_mp3_13_R1_2015_wav--1.midi,4.84260543746839,5.458944209827699
Johann Sebastian Bach,2011/MIDI-Unprocessed_19_R1_2011_MID--AUDIO_R1-D7_12_Track12_wav.midi,4.942236807496025,5.5272457844794785
Johann Sebastian Bach,2011/MIDI-Unprocessed_25_R1_2011_MID--AUDIO_R1-D9_14_Track14_wav.midi,4.945477573753383,5.551255019597367
Johann Sebastian Bach,2017/MIDI-Unprocessed_067_PIANO067_MID--AUDIO-split_07-07-17_Piano-e_3-03_wav--1.midi,4.943660320659758,5.571941974221529
Johann Sebastian Bach,2011/MIDI-Unprocessed_06_R1_2011_MID--AUDIO_R1-D2_14_Track14_wav.midi,5.151896744495867,5.234005791118396
Johann Sebastian Bach,2013/ORIG-MIDI_03_7_6_13_Group__MID--AUDIO_09_R1_2013_wav--1.midi,5.1412735881732585,5.268344781476164
Johann Sebastian Bach,2015/MIDI-Unprocessed_R1_D1-9-12_mid--AUDIO-from_mp3_12_R1_2015_wav--1.midi,5.139056967342417,5.263580125146555
Johann Sebastian Bach,2011/MIDI-Unprocessed_15_R1_2011_MID--AUDIO_R1-D6_07_Track07_wav.midi,5.140561656760886,5.250139805394716
Johann Sebastian Bach,2017/MIDI-Unprocessed_052_PIANO052_MID--AUDIO-split_07-06-17_Piano-e_3-03_wav--2.midi,5.1459012444803784,5.227913128009227
Johann Sebastian Bach,2017/MIDI-Unprocessed_054_PIANO054_MID--AUDIO-split_07-07-17_Piano-e_1-02_wav--1.midi,5.144860550732617,5.207558091620168
Johann Sebastian Bach,2017/MIDI-Unprocessed_062_PIANO062_MID--AUDIO-split_07-07-17_Piano-e_2-07_wav--2.midi,5.137617321706038,5.229640802242224
Johann Sebastian Bach,2008/MIDI-Unprocessed_13_R1_2008_01-04_ORIG_MID--AUDIO_13_R1_2008_wav--1.midi,4.753739240460374,5.5636626616445675
Johann Sebastian Bach,2013/ORIG-MIDI_01_7_6_13_Group__MID--AUDIO_04_R1_2013_wav--1.midi,4.761936916853394,5.5352218095132075
Johann Sebastian Bach,2014/MIDI-UNPROCESSED_01-03_R1_2014_MID--AUDIO_03_R1_2014_wav--2.midi,4.771227178102949,5.375356539051983
Johann Sebastian Bach,2011/MIDI-Unprocessed_09_R1_2011_MID--AUDIO_R1-D3_12_Track12_wav.midi,4.916759416043482,5.4254786707275136
Johann Sebastian Bach,2017/MIDI-Unprocessed_055_PIANO055_MID--AUDIO-split_07-07-17_Piano-e_1-04_wav--1.midi,4.912596598613204,5.453159639448415
Johann Sebastian Bach,2008/MIDI-Unprocessed_06_R1_2008_01-04_ORIG_MID--AUDIO_06_R1_2008_wav--1.midi,4.872142760373381,5.507859469807448
Johann Sebastian Bach,2008/MIDI-Unprocessed_09_R1_2008_01-05_ORIG_MID--AUDIO_09_R1_2008_wav--1.midi,4.860122352249828,5.461687360349636
Johann Sebastian Bach,2013/ORIG-MIDI_03_7_6_13_Group__MID--AUDIO_10_R1_2013_wav--1.midi,4.867769074371251,5.476083039000301
Johann Sebastian Bach,2004/MIDI-Unprocessed_XP_03_R1_2004_01-02_ORIG_MID--AUDIO_03_R1_2004_01_Track01_wav.midi,5.000505629725582,5.614558386509577
Johann Sebastian Bach,2015/MIDI-Unprocessed_R1_D2-21-22_mid--AUDIO-from_mp3_22_R1_2015_wav--1.midi,4.8664199542662105,5.585008047608272
Johann Sebastian Bach,2013/ORIG-MIDI_02_7_7_13_Group__MID--AUDIO_15_R1_2013_wav--1.midi,4.865619715392004,5.614817371494157
Johann Sebastian Bach,2013/ORIG-MIDI_02_7_7_13_Group__MID--AUDIO_18_R1_2013_wav--1.midi,4.8697439819274955,5.5861289850164155
Johann Sebastian Bach,2011/MIDI-Unprocessed_16_R1_2011_MID--AUDIO_R1-D6_12_Track12_wav.midi,4.866885113293696,5.610260065341386
Johann Sebastian Bach,2008/MIDI-Unprocessed_03_R1_2008_01-04_ORIG_MID--AUDIO_03_R1_2008_wav--1.midi,4.973461277037987,5.550871502153544
Johann Sebastian Bach,2015/MIDI-Unprocessed_R1_D2-13-20_mid--AUDIO-from_mp3_17_R1_2015_wav--1.midi,4.899247456243572,5.413183433371642
Johann Sebastian Bach,2014/MIDI-UNPROCESSED_16-18_R1_2014_MID--AUDIO_16_R1_2014_wav--1.midi,4.900474065690495,5.3790277657739365
Johann Sebastian Bach,2015/MIDI-Unprocessed_R1_D2-13-20_mid--AUDIO-from_mp3_20_R1_2015_wav--1.midi,4.894577460376859,5.4220766013684
Johann Sebastian Bach,2011/MIDI-Unprocessed_21_R1_2011_MID--AUDIO_R1-D8_07_Track07_wav.midi,4.806604210315502,5.472074960660468
Johann Sebastian Bach,2011/MIDI-Unprocessed_24_R1_2011_MID--AUDIO_R1-D9_08_Track08_wav.midi,4.843270950452653,5.523451024252025
Johann Sebastian Bach,2011/MIDI-Unprocessed_04_R1_2011_MID--AUDIO_R1-D2_02_Track02_wav.midi,4.8379112098967045,5.495314551534327
Johann Sebastian Bach,2011/MIDI-Unprocessed_12_R1_2011_MID--AUDIO_R1-D4_15_Track15_wav.midi,4.84829464630599,5.542055263096433
Johann Sebastian Bach,2014/MIDI-UNPROCESSED_01-03_R1_2014_MID--AUDIO_02_R1_2014_wav--1.midi,4.965260390253489,5.545313594104426
Johann Sebastian Bach,2013/ORIG-MIDI_01_7_7_13_Group__MID--AUDIO_13_R1_2013_wav--1.midi,4.860389174590658,5.558594612736147
Johann Sebastian Bach,2008/MIDI-Unprocessed_02_R1_2008_01-05_ORIG_MID--AUDIO_02_R1_2008_wav--1.midi,4.857168193988453,5.505125465805866
Johann Sebastian Bach,2008/MIDI-Unprocessed_10_R1_2008_01-04_ORIG_MID--AUDIO_10_R1_2008_wav--1.midi,4.850232262735105,5.536520214173725
Johann Sebastian Bach,2015/MIDI-Unprocessed_R1_D1-9-12_mid--AUDIO-from_mp3_09_R1_2015_wav--1.midi,4.846490923151865,5.544212830530585
Johann Sebastian Bach,2013/ORIG-MIDI_01_7_7_13_Group__MID--AUDIO_12_R1_2013_wav--1.midi,4.840624315166838,5.516292721645351
Johann Sebastian Bach,2017/MIDI-Unprocessed_059_PIANO059_MID--AUDIO-split_07-07-17_Piano-e_2-03_wav--1.midi,4.838414853811504,5.540799792947795
Johann Sebastian Bach,2018/MIDI-Unprocessed_Recital4_MID--AUDIO_04_R1_2018_wav--1.midi,4.965042384684112,5.565453192704487
Johann Sebastian Bach,2008/MIDI-Unprocessed_17_R1_2008_01-04_ORIG_MID--AUDIO_17_R1_2008_wav--1.midi,4.961339897191123,5.543547911058723
Johann Sebastian Bach,2017/MIDI-Unprocessed_044_PIANO044_MID--AUDIO-split_07-06-17_Piano-e_1-04_wav--1.midi,4.969352321885942,5.593783054690897
Johann Sebastian Bach,2008/MIDI-Unprocessed_11_R3_2008_01-04_ORIG_MID--AUDIO_11_R3_2008_wav--1.midi,4.9410786337121495,5.44478012478745
Johann Sebastian Bach,2018/MIDI-Unprocessed_Recital17-19_MID--AUDIO_17_R1_2018_wav--1.midi,4.842013166305841,5.4989100011496035
Johann Sebastian Bach,2011/MIDI-Unprocessed_18_R1_2011_MID--AUDIO_R1-D7_07_Track07_wav.midi,4.866936379787248,5.360929179512196
Johann Sebastian Bach,2017/MIDI-Unprocessed_053_PIANO053_MID--AUDIO-split_07-06-17_Piano-e_3-04_wav--1.midi,4.914536511807394,5.354272394223295
Johann Sebastian Bach,2015/MIDI-Unprocessed_R1_D2-13-20_mid--AUDIO-from_mp3_19_R1_2015_wav--1.midi,4.852683636297932,5.530158691065305
Johann Sebastian Bach,2013/ORIG-MIDI_02_7_6_13_Group__MID--AUDIO_05_R1_2013_wav--1.midi,4.841694997764105,5.506192629212
Johann Sebastian Bach,2011/MIDI-Unprocessed_01_R1_2011_MID--AUDIO_R1-D1_02_Track02_wav.midi,4.874582523419384,5.468367591601522
Johann Sebastian Bach,2011/MIDI-Unprocessed_01_R1_2011_MID--AUDIO_R1-D1_03_Track03_wav.midi,4.7030856201218665,5.42877866533577
Johann Sebastian Bach,2004/MIDI-Unprocessed_XP_09_R1_2004_01-02_ORIG_MID--AUDIO_09_R1_2004_01_Track01_wav.midi,4.900731554978063,5.4059402629432185
Johann Sebastian Bach,2011/MIDI-Unprocessed_23_R1_2011_MID--AUDIO_R1-D9_02_Track02_wav.midi,4.92221356921858,5.4300773796334845
Johann Sebastian Bach,2011/MIDI-Unprocessed_14_R1_2011_MID--AUDIO_R1-D6_02_Track02_wav.midi,4.900938379506227,5.368617466015637
Johann Sebastian Bach,2013/ORIG-MIDI_01_7_7_13_Group__MID--AUDIO_14_R1_2013_wav--1.midi,4.8974786990865935,5.370253581271597
Johann Sebastian Bach,2017/MIDI-Unprocessed_065_PIANO065_MID--AUDIO-split_07-07-17_Piano-e_3-01_wav--1.midi,4.899736956983618,5.397396378193682
Johann Sebastian Bach,2008/MIDI-Unprocessed_14_R1_2008_01-05_ORIG_MID--AUDIO_14_R1_2008_wav--1.midi,4.874678188877208,5.299424811192695
Johann Sebastian Bach,2011/MIDI-Unprocessed_08_R1_2011_MID--AUDIO_R1-D3_07_Track07_wav.midi,4.852522792074997,5.540791382417604
Johann Sebastian Bach,2017/MIDI-Unprocessed_049_PIANO049_MID--AUDIO-split_07-06-17_Piano-e_2-06_wav--1.midi,4.849377876477248,5.549356869305339
Johann Sebastian Bach,2013/ORIG-MIDI_01_7_7_13_Group__MID--AUDIO_11_R1_2013_wav--1.midi,5.018187940444625,5.59245936239962
Johann Sebastian Bach,2013/ORIG-MIDI_02_7_6_13_Group__MID--AUDIO_08_R1_2013_wav--1.midi,4.789116929758736,5.341762358187148
Johann Sebastian Bach,2013/ORIG-MIDI_02_7_7_13_Group__MID--AUDIO_17_R1_2013_wav--1.midi,4.771923797642929,5.334381426903194
Johann Sebastian Bach,2011/MIDI-Unprocessed_03_R1_2011_MID--AUDIO_R1-D1_15_Track15_wav.midi,4.776422749346789,5.313644993825451
Johann Sebastian Bach,2017/MIDI-Unprocessed_041_PIANO041_MID--AUDIO-split_07-06-17_Piano-e_1-01_wav--1.midi,4.769872405188599,5.332736141473698
Johann Sebastian Bach,2017/MIDI-Unprocessed_051_PIANO051_MID--AUDIO-split_07-06-17_Piano-e_3-02_wav--1.midi,4.769886943001469,5.33805617525958
Johann Sebastian Bach,2015/MIDI-Unprocessed_R1_D1-1-8_mid--AUDIO-from_mp3_04_R1_2015_wav--1.midi,4.772856195918973,5.390722563598666
Johann Sebastian Bach,2015/MIDI-Unprocessed_R1_D1-9-12_mid--AUDIO-from_mp3_11_R1_2015_wav--2.midi,4.941053581714648,5.372276155812554
Johann Sebastian Bach,2008/MIDI-Unprocessed_01_R1_2008_01-04_ORIG_MID--AUDIO_01_R1_2008_wav--1.midi,4.874784378790456,5.414049936609716
Johann Sebastian Bach,2011/MIDI-Unprocessed_13_R1_2011_MID--AUDIO_R1-D5_02_Track02_wav.midi,4.811421923901171,5.449551755639956
Johann Sebastian Bach,2017/MIDI-Unprocessed_061_PIANO061_MID--AUDIO-split_07-07-17_Piano-e_2-05_wav--1.midi,4.809009924221624,5.463845249628847
Johann Sebastian Bach,2017/MIDI-Unprocessed_058_PIANO058_MID--AUDIO-split_07-07-17_Piano-e_2-02_wav--1.midi,4.9998638466387595,5.550001619958532
Johann Sebastian Bach,2015/MIDI-Unprocessed_R1_D2-13-20_mid--AUDIO-from_mp3_14_R1_2015_wav--1.midi,4.967011827375228,5.521781136489254
Johann Sebastian Bach,2017/MIDI-Unprocessed_045_PIANO045_MID--AUDIO-split_07-06-17_Piano-e_2-01_wav--1.midi,4.990788281606996,5.495606165786563
Johann Sebastian Bach,2017/MIDI-Unprocessed_046_PIANO046_MID--AUDIO-split_07-06-17_Piano-e_2-02_wav--1.midi,4.98631622782435,5.513112059308073
Johann Sebastian Bach,2017/MIDI-Unprocessed_047_PIANO047_MID--AUDIO-split_07-06-17_Piano-e_2-04_wav--3.midi,4.989782136205282,5.531416285558462
Johann Sebastian Bach,2015/MIDI-Unprocessed_R1_D1-1-8_mid--AUDIO-from_mp3_06_R1_2015_wav--1.midi,4.969417483850251,5.572978654237541
Johann Sebastian Bach,2008/MIDI-Unprocessed_16_R1_2008_01-04_ORIG_MID--AUDIO_16_R1_2008_wav--1.midi,4.922918640999911,5.244340672348239
Johann Sebastian Bach,2017/MIDI-Unprocessed_066_PIANO066_MID--AUDIO-split_07-07-17_Piano-e_3-02_wav--1.midi,4.928771643432968,5.247884423655704
Johann Sebastian Bach,2008/MIDI-Unprocessed_11_R1_2008_01-04_ORIG_MID--AUDIO_11_R1_2008_wav--1.midi,4.989508083073339,5.428842824690546
Johann Sebastian Bach,2015/MIDI-Unprocessed_R1_D1-1-8_mid--AUDIO-from_mp3_05_R1_2015_wav--2.midi,5.003066043567362,5.478415543792458
Johann Sebastian Bach,2015/MIDI-Unprocessed_R1_D2-13-20_mid--AUDIO-from_mp3_18_R1_2015_wav--1.midi,5.00253354190348,5.438074347458746
Johann Sebastian Bach,2011/MIDI-Unprocessed_05_R1_2011_MID--AUDIO_R1-D2_08_Track08_wav.midi,4.787970932016827,5.30552621632032
Johann Sebastian Bach,2011/MIDI-Unprocessed_05_R1_2011_MID--AUDIO_R1-D2_09_Track09_wav.midi,5.007267481046836,5.426370472513997
Johann Sebastian Bach,2017/MIDI-Unprocessed_042_PIANO042_MID--AUDIO-split_07-06-17_Piano-e_1-02_wav--1.midi,4.980088584563211,5.434309512492204
Johann Sebastian Bach,2017/MIDI-Unprocessed_048_PIANO048_MID--AUDIO-split_07-06-17_Piano-e_2-05_wav--1.midi,4.996411503743577,5.435779578223337
Johann Sebastian Bach,2011/MIDI-Unprocessed_07_R1_2011_MID--AUDIO_R1-D3_02_Track02_wav.midi,4.808756193698291,5.658106343771404
Johann Sebastian Bach,2008/MIDI-Unprocessed_05_R1_2008_01-04_ORIG_MID--AUDIO_05_R1_2008_wav--1.midi,4.954212296232048,5.4323103808619955
Johann Sebastian Bach,2015/MIDI-Unprocessed_R1_D1-9-12_mid--AUDIO-from_mp3_10_R1_2015_wav--1.midi,4.941462965681226,5.479221843647112
Johann Sebastian Bach,2013/ORIG-MIDI_02_7_6_13_Group__MID--AUDIO_06_R1_2013_wav--2.midi,4.9464765895889276,5.467239762082681
Johann Sebastian Bach,2017/MIDI-Unprocessed_043_PIANO043_MID--AUDIO-split_07-06-17_Piano-e_1-03_wav--1.midi,4.955127026419792,5.436124277700803
Johann Sebastian Bach,2017/MIDI-Unprocessed_050_PIANO050_MID--AUDIO-split_07-06-17_Piano-e_3-01_wav--1.midi,4.950075948551484,5.479786042931975
Johann Sebastian Bach,2008/MIDI-Unprocessed_07_R1_2008_01-04_ORIG_MID--AUDIO_07_R1_2008_wav--1.midi,4.9819863138132074,5.685282054069558
Johann Sebastian Bach,2008/MIDI-Unprocessed_12_R1_2008_01-04_ORIG_MID--AUDIO_12_R1_2008_wav--2.midi,4.985415041233285,5.709489013777012
Johann Sebastian Bach,2008/MIDI-Unprocessed_15_R1_2008_01-04_ORIG_MID--AUDIO_15_R1_2008_wav--1.midi,4.985436523404171,5.68871909790524
Johann Sebastian Bach,2008/MIDI-Unprocessed_18_R1_2008_01-04_ORIG_MID--AUDIO_18_R1_2008_wav--1.midi,4.984031533898489,5.730076789353355
Johann Sebastian Bach,2015/MIDI-Unprocessed_R1_D2-21-22_mid--AUDIO-from_mp3_21_R1_2015_wav--1.midi,4.991538406510058,5.7287570870541344
Johann Sebastian Bach,2013/ORIG-MIDI_02_7_6_13_Group__MID--AUDIO_07_R1_2013_wav--1.midi,4.972513158304893,5.685213640239718
Johann Sebastian Bach,2017/MIDI-Unprocessed_057_PIANO057_MID--AUDIO-split_07-07-17_Piano-e_1-07_wav--1.midi,4.987102527367064,5.699293175343398
Johann Sebastian Bach,2017/MIDI-Unprocessed_060_PIANO060_MID--AUDIO-split_07-07-17_Piano-e_2-04_wav--1.midi,4.815593570830406,5.529973810048675
Johann Sebastian Bach,2008/MIDI-Unprocessed_04_R1_2008_01-04_ORIG_MID--AUDIO_04_R1_2008_wav--1.midi,4.897237717742857,5.4698254287562005
Johann Sebastian Bach,2011/MIDI-Unprocessed_20_R1_2011_MID--AUDIO_R1-D8_02_Track02_wav.midi,4.909526965197872,5.433249798969658
Johann Sebastian Bach,2015/MIDI-Unprocessed_R1_D2-13-20_mid--AUDIO-from_mp3_15_R1_2015_wav--1.midi,4.912056945656693,5.431789924527813
Johann Sebastian Bach,2011/MIDI-Unprocessed_22_R1_2011_MID--AUDIO_R1-D8_12_Track12_wav.midi,4.542485567687423,4.746662494186072
Johann Sebastian Bach,2015/MIDI-Unprocessed_R1_D1-1-8_mid--AUDIO-from_mp3_07_R1_2015_wav--1.midi,4.997386974446824,5.5639832486613505
Johann Sebastian Bach,2013/ORIG-MIDI_01_7_6_13_Group__MID--AUDIO_03_R1_2013_wav--1.midi,4.997072298202662,5.560964470405455
Johann Sebastian Bach,2017/MIDI-Unprocessed_056_PIANO056_MID--AUDIO-split_07-07-17_Piano-e_1-05_wav--1.midi,4.99694965627828,5.61113184484821
Johann Sebastian Bach,2015/MIDI-Unprocessed_R1_D1-1-8_mid--AUDIO-from_mp3_03_R1_2015_wav--1.midi,5.085088569416957,5.616576557600603
Johann Sebastian Bach,2013/ORIG-MIDI_02_7_7_13_Group__MID--AUDIO_16_R1_2013_wav--1.midi,5.045979021447967,5.784923651493047
Johann Sebastian Bach,2013/ORIG-MIDI_01_7_6_13_Group__MID--AUDIO_01_R1_2013_wav--1.midi,5.04028781522212,5.4764030212397286
Johann Sebastian Bach,2011/MIDI-Unprocessed_02_R1_2011_MID--AUDIO_R1-D1_08_Track08_wav.midi,4.925334905111118,5.480572349698525
Johann Sebastian Bach,2011/MIDI-Unprocessed_17_R1_2011_MID--AUDIO_R1-D7_02_Track02_wav.midi,4.880363666057794,5.412506235023749
Johann Sebastian Bach,2013/ORIG-MIDI_02_7_7_13_Group__MID--AUDIO_19_R1_2013_wav--1.midi,5.047058095243225,5.474120795922107
Johann Sebastian Bach,2011/MIDI-Unprocessed_10_R1_2011_MID--AUDIO_R1-D4_02_Track02_wav.midi,5.044020184540807,5.44348593542558
Johann Sebastian Bach,2014/MIDI-UNPROCESSED_06-08_R1_2014_MID--AUDIO_06_R1_2014_wav--1.midi,5.0551085262614075,5.426112112173202
Johann Sebastian Bach,2018/MIDI-Unprocessed_Recital8_MID--AUDIO_08_R1_2018_wav--3.midi,4.931401250066566,5.484535543451524
Johann Sebastian Bach,2014/MIDI-UNPROCESSED_19-20_R1_2014_MID--AUDIO_19_R1_2014_wav--1.midi,4.924642510427574,5.434637311751642
Johann Sebastian Bach,2008/MIDI-Unprocessed_12_R2_2008_01-04_ORIG_MID--AUDIO_12_R2_2008_wav--1.midi,4.888805676438641,5.360945202081505
Johann Sebastian Bach,2015/MIDI-Unprocessed_R1_D1-1-8_mid--AUDIO-from_mp3_01_R1_2015_wav--1.midi,4.889120795157396,5.3702711228333495
Johann Sebastian Bach / Egon Petri,2013/ORIG-MIDI_02_7_7_13_Group__MID--AUDIO_18_R1_2013_wav--4.midi,4.897563838883834,5.816618234793899
Johann Sebastian Bach / Egon Petri,2004/MIDI-Unprocessed_XP_14_R1_2004_01-03_ORIG_MID--AUDIO_14_R1_2004_01_Track01_wav.midi,4.901883236054278,5.780904217826104
Johann Sebastian Bach / Ferruccio Busoni,2004/MIDI-Unprocessed_XP_10_R1_2004_01-02_ORIG_MID--AUDIO_10_R1_2004_01_Track01_wav.midi,4.945494826985942,5.6238457771812325
Johann Sebastian Bach / Ferruccio Busoni,2006/MIDI-Unprocessed_07_R1_2006_01-04_ORIG_MID--AUDIO_07_R1_2006_01_Track01_wav.midi,5.493647477051269,5.808442477312359
Johann Sebastian Bach / Ferruccio Busoni,2014/MIDI-UNPROCESSED_06-08_R1_2014_MID--AUDIO_07_R1_2014_wav--7.midi,5.405464112231295,5.828340797827674
Johann Sebastian Bach / Ferruccio Busoni,2004/MIDI-Unprocessed_SMF_13_01_2004_01-05_ORIG_MID--AUDIO_13_R1_2004_02_Track02_wav.midi,5.463241880323078,5.797024177699824
Johann Sebastian Bach / Ferruccio Busoni,2006/MIDI-Unprocessed_21_R1_2006_01-04_ORIG_MID--AUDIO_21_R1_2006_01_Track01_wav.midi,5.493154577063317,5.993181673749685
Johann Sebastian Bach / Franz Liszt,2011/MIDI-Unprocessed_25_R3_2011_MID--AUDIO_R3-D9_02_Track02_wav.midi,5.110324658561881,5.368283710494693
Johann Sebastian Bach / Franz Liszt,2011/MIDI-Unprocessed_25_R3_2011_MID--AUDIO_R3-D9_03_Track03_wav.midi,5.089910583023982,5.709225948010126
Johann Sebastian Bach / Franz Liszt,2006/MIDI-Unprocessed_20_R1_2006_01-04_ORIG_MID--AUDIO_20_R1_2006_01_Track01_wav.midi,5.911342273301773,5.979743286939681
Johann Sebastian Bach / Myra Hess,2014/MIDI-UNPROCESSED_04-05_R1_2014_MID--AUDIO_05_R1_2014_wav--2.midi,4.582884124788992,5.63942651148285
Ludwig van Beethoven,2004/MIDI-Unprocessed_SMF_13_01_2004_01-05_ORIG_MID--AUDIO_13_R1_2004_05_Track05_wav.midi,5.202860912339187,5.80552815574409
Ludwig van Beethoven,2018/MIDI-Unprocessed_Chamber6_MID--AUDIO_20_R3_2018_wav--1.midi,5.382235115836657,6.082760561930647
Ludwig van Beethoven,2006/MIDI-Unprocessed_11_R1_2006_01-06_ORIG_MID--AUDIO_11_R1_2006_02_Track02_wav.midi,5.725526009396484,6.04652804788045
Ludwig van Beethoven,2014/MIDI-UNPROCESSED_04-08-12_R3_2014_MID--AUDIO_12_R3_2014_wav--1.midi,5.725834504341282,6.127325851475778
Ludwig van Beethoven,2009/MIDI-Unprocessed_10_R1_2009_01-02_ORIG_MID--AUDIO_10_R1_2009_10_R1_2009_02_WAV.midi,5.721021153084328,6.0806588155393335
Ludwig van Beethoven,2004/MIDI-Unprocessed_XP_10_R1_2004_01-02_ORIG_MID--AUDIO_10_R1_2004_02_Track02_wav.midi,5.211439063663418,5.821450728318142
Ludwig van Beethoven,2014/MIDI-UNPROCESSED_14-15_R1_2014_MID--AUDIO_15_R1_2014_wav--1.midi,5.4984836117492994,5.819121706321413
Ludwig van Beethoven,2018/MIDI-Unprocessed_Recital13-15_MID--AUDIO_14_R1_2018_wav--3.midi,5.433748178266872,5.8696811854767414
Ludwig van Beethoven,2014/MIDI-UNPROCESSED_14-15_R1_2014_MID--AUDIO_15_R1_2014_wav--2.midi,5.450929565067757,5.889923355129659
Ludwig van Beethoven,2011/MIDI-Unprocessed_09_R1_2011_MID--AUDIO_R1-D3_13_Track13_wav.midi,5.27104531149993,5.513986279085894
Ludwig van Beethoven,2015/MIDI-Unprocessed_R1_D1-1-8_mid--AUDIO-from_mp3_03_R1_2015_wav--3.midi,5.366695619543209,5.690912563891696
Ludwig van Beethoven,2015/MIDI-Unprocessed_R1_D2-13-20_mid--AUDIO-from_mp3_13_R1_2015_wav--2.midi,5.3740169222098855,5.694923297859765
Ludwig van Beethoven,2014/MIDI-UNPROCESSED_16-18_R1_2014_MID--AUDIO_16_R1_2014_wav--2.midi,5.3228000251078695,5.740959383807516
Ludwig van Beethoven,2017/MIDI-Unprocessed_058_PIANO058_MID--AUDIO-split_07-07-17_Piano-e_2-02_wav--3.midi,5.369928778613133,5.670574928602584
Ludwig van Beethoven,2008/MIDI-Unprocessed_06_R1_2008_01-04_ORIG_MID--AUDIO_06_R1_2008_wav--2.midi,4.9581956231648165,5.7534673478633485
Ludwig van Beethoven,2017/MIDI-Unprocessed_044_PIANO044_MID--AUDIO-split_07-06-17_Piano-e_1-04_wav--2.midi,5.330474058754663,5.772332528161183
Ludwig van Beethoven,2017/MIDI-Unprocessed_046_PIANO046_MID--AUDIO-split_07-06-17_Piano-e_2-02_wav--2.midi,5.260533534762393,5.61036600657689
Ludwig van Beethoven,2017/MIDI-Unprocessed_049_PIANO049_MID--AUDIO-split_07-06-17_Piano-e_2-06_wav--2.midi,5.239260981272921,5.563810059844894
Ludwig van Beethoven,2008/MIDI-Unprocessed_05_R1_2008_01-04_ORIG_MID--AUDIO_05_R1_2008_wav--2.midi,5.2530946183387845,5.645818108347702
Ludwig van Beethoven,2008/MIDI-Unprocessed_17_R1_2008_01-04_ORIG_MID--AUDIO_17_R1_2008_wav--2.midi,5.251838615145565,5.6552688991006805
Ludwig van Beethoven,2015/MIDI-Unprocessed_R1_D1-1-8_mid--AUDIO-from_mp3_06_R1_2015_wav--2.midi,5.331470848398018,5.59870173929958
Ludwig van Beethoven,2011/MIDI-Unprocessed_19_R1_2011_MID--AUDIO_R1-D7_13_Track13_wav.midi,5.265919616031128,5.561809756895271
Ludwig van Beethoven,2011/MIDI-Unprocessed_08_R1_2011_MID--AUDIO_R1-D3_08_Track08_wav.midi,5.2563234656572435,5.567366753770301
Ludwig van Beethoven,2011/MIDI-Unprocessed_15_R1_2011_MID--AUDIO_R1-D6_08_Track08_wav.midi,5.288019688151355,5.609999599599849
Ludwig van Beethoven,2013/ORIG-MIDI_02_7_6_13_Group__MID--AUDIO_08_R1_2013_wav--2.midi,5.3144127437087905,5.557098535614092
Ludwig van Beethoven,2017/MIDI-Unprocessed_050_PIANO050_MID--AUDIO-split_07-06-17_Piano-e_3-01_wav--2.midi,5.300060046944935,5.545802997735475
Ludwig van Beethoven,2017/MIDI-Unprocessed_053_PIANO053_MID--AUDIO-split_07-06-17_Piano-e_3-04_wav--3.midi,5.266362334708514,5.552294352706371
Ludwig van Beethoven,2017/MIDI-Unprocessed_055_PIANO055_MID--AUDIO-split_07-07-17_Piano-e_1-04_wav--2.midi,5.293236259594424,5.586517606203979
Ludwig van Beethoven,2017/MIDI-Unprocessed_057_PIANO057_MID--AUDIO-split_07-07-17_Piano-e_1-07_wav--2.midi,5.280812473043756,5.571284644866074
Ludwig van Beethoven,2008/MIDI-Unprocessed_09_R1_2008_01-05_ORIG_MID--AUDIO_09_R1_2008_wav--2.midi,5.2343207997726315,5.651870714130006
Ludwig van Beethoven,2008/MIDI-Unprocessed_18_R1_2008_01-04_ORIG_MID--AUDIO_18_R1_2008_wav--2.midi,5.2273992117267065,5.636992401456831
Ludwig van Beethoven,2014/MIDI-UNPROCESSED_04-05_R1_2014_MID--AUDIO_04_R1_2014_wav--2.midi,5.347621011127954,5.699471326068627
Ludwig van Beethoven,2017/MIDI-Unprocessed_066_PIANO066_MID--AUDIO-split_07-07-17_Piano-e_3-02_wav--2.midi,5.244076468251947,5.651497500860508
Ludwig van Beethoven,2009/MIDI-Unprocessed_11_R1_2009_01-05_ORIG_MID--AUDIO_11_R1_2009_11_R1_2009_01_WAV.midi,5.593612655071574,5.985149297265244
Ludwig van Beethoven,2018/MIDI-Unprocessed_Recital17-19_MID--AUDIO_18_R1_2018_wav--1.midi,5.583033478654118,5.948622853795843
Ludwig van Beethoven,2011/MIDI-Unprocessed_11_R1_2011_MID--AUDIO_R1-D4_08_Track08_wav.midi,5.696652189865633,5.977995203008021
Ludwig van Beethoven,2011/MIDI-Unprocessed_13_R1_2011_MID--AUDIO_R1-D5_04_Track04_wav.midi,5.695201164427698,5.978303442094236
Ludwig van Beethoven,2011/MIDI-Unprocessed_18_R1_2011_MID--AUDIO_R1-D7_08_Track08_wav.midi,5.697548581366445,5.971764454754424
Ludwig van Beethoven,2013/ORIG-MIDI_01_7_6_13_Group__MID--AUDIO_03_R1_2013_wav--2.midi,5.695252831230359,5.95259884513164
Ludwig van Beethoven,2008/MIDI-Unprocessed_15_R1_2008_01-04_ORIG_MID--AUDIO_15_R1_2008_wav--2.midi,5.695450496825532,5.9926793226376205
Ludwig van Beethoven,2015/MIDI-Unprocessed_R1_D1-1-8_mid--AUDIO-from_mp3_07_R1_2015_wav--2.midi,5.699191929491581,5.961776610230969
Ludwig van Beethoven,2015/MIDI-Unprocessed_R1_D1-1-8_mid--AUDIO-from_mp3_08_R1_2015_wav--2.midi,5.702753756302404,6.00773967417724
Ludwig van Beethoven,2013/ORIG-MIDI_02_7_6_13_Group__MID--AUDIO_05_R1_2013_wav--2.midi,5.698123631023012,5.956090595821609
Ludwig van Beethoven,2014/MIDI-UNPROCESSED_01-03_R1_2014_MID--AUDIO_03_R1_2014_wav--3.midi,5.7008086866695455,5.982325729681843
Ludwig van Beethoven,2017/MIDI-Unprocessed_041_PIANO041_MID--AUDIO-split_07-06-17_Piano-e_1-01_wav--2.midi,5.696740144123922,5.9678098517974405
Ludwig van Beethoven,2017/MIDI-Unprocessed_043_PIANO043_MID--AUDIO-split_07-06-17_Piano-e_1-03_wav--2.midi,5.67613070626211,5.983399106282188
Ludwig van Beethoven,2017/MIDI-Unprocessed_048_PIANO048_MID--AUDIO-split_07-06-17_Piano-e_2-05_wav--2.midi,5.694873167084375,5.960797923895241
Ludwig van Beethoven,2017/MIDI-Unprocessed_056_PIANO056_MID--AUDIO-split_07-07-17_Piano-e_1-05_wav--3.midi,5.6931197222397945,6.011397548180805
Ludwig van Beethoven,2017/MIDI-Unprocessed_059_PIANO059_MID--AUDIO-split_07-07-17_Piano-e_2-03_wav--2.midi,5.695875546243372,5.941572040373079
Ludwig van Beethoven,2017/MIDI-Unprocessed_062_PIANO062_MID--AUDIO-split_07-07-17_Piano-e_2-07_wav--1.midi,5.69446133971605,5.966616642958204
Ludwig van Beethoven,2008/MIDI-Unprocessed_03_R1_2008_01-04_ORIG_MID--AUDIO_03_R1_2008_wav--2.midi,5.651854342290244,5.7030800499734475
Ludwig van Beethoven,2015/MIDI-Unprocessed_R1_D1-9-12_mid--AUDIO-from_mp3_10_R1_2015_wav--3.midi,5.628664200159345,5.790404986240645
Ludwig van Beethoven,2011/MIDI-Unprocessed_12_R2_2011_MID--AUDIO_R2-D4_03_Track03_wav.midi,5.666376417991608,5.720535101711144
Ludwig van Beethoven,2011/MIDI-Unprocessed_20_R1_2011_MID--AUDIO_R1-D8_04_Track04_wav.midi,5.669659618376924,5.732072977592694
Ludwig van Beethoven,2011/MIDI-Unprocessed_25_R1_2011_MID--AUDIO_R1-D9_15_Track15_wav.midi,5.662677461850668,5.655754133668454
Ludwig van Beethoven,2011/MIDI-Unprocessed_21_R1_2011_MID--AUDIO_R1-D8_08_Track08_wav.midi,5.666501494556204,5.720932663305672
Ludwig van Beethoven,2017/MIDI-Unprocessed_045_PIANO045_MID--AUDIO-split_07-06-17_Piano-e_2-01_wav--2.midi,5.661278807146335,5.631044249189538
Ludwig van Beethoven,2008/MIDI-Unprocessed_11_R1_2008_01-04_ORIG_MID--AUDIO_11_R1_2008_wav--2.midi,5.320757624282616,5.742671504785746
Ludwig van Beethoven,2011/MIDI-Unprocessed_24_R1_2011_MID--AUDIO_R1-D9_09_Track09_wav.midi,5.3535592603478666,5.797323418389204
Ludwig van Beethoven,2008/MIDI-Unprocessed_01_R1_2008_01-04_ORIG_MID--AUDIO_01_R1_2008_wav--2.midi,5.195501096794412,5.622731817822939
Ludwig van Beethoven,2004/MIDI-Unprocessed_XP_09_R1_2004_01-02_ORIG_MID--AUDIO_09_R1_2004_02_Track02_wav.midi,5.34910829036024,5.7694044169686
Ludwig van Beethoven,2004/MIDI-Unprocessed_XP_09_R1_2004_01-02_ORIG_MID--AUDIO_09_R1_2004_03_Track03_wav.midi,5.42391767698555,5.86529661816756
Ludwig van Beethoven,2011/MIDI-Unprocessed_16_R1_2011_MID--AUDIO_R1-D6_14_Track14_wav.midi,5.351893621655508,5.828577287450615
Ludwig van Beethoven,2011/MIDI-Unprocessed_17_R1_2011_MID--AUDIO_R1-D7_03_Track03_wav.midi,5.343385656886129,5.7313615600951735
Ludwig van Beethoven,2015/MIDI-Unprocessed_R1_D2-21-22_mid--AUDIO-from_mp3_22_R1_2015_wav--2.midi,5.3327173224641005,5.803505043129052
Ludwig van Beethoven,2018/MIDI-Unprocessed_Recital4_MID--AUDIO_04_R1_2018_wav--3.midi,5.407391007490919,5.829324311022112
Ludwig van Beethoven,2008/MIDI-Unprocessed_07_R1_2008_01-04_ORIG_MID--AUDIO_07_R1_2008_wav--2.midi,5.528364020088767,5.877418548831146
Ludwig van Beethoven,2017/MIDI-Unprocessed_051_PIANO051_MID--AUDIO-split_07-06-17_Piano-e_3-02_wav--2.midi,5.505538788484564,5.7691252966636615
Ludwig van Beethoven,2014/MIDI-UNPROCESSED_11-13_R1_2014_MID--AUDIO_13_R1_2014_wav--3.midi,5.646327280615366,5.942166248449572
Ludwig van Beethoven,2014/MIDI-UNPROCESSED_16-18_R1_2014_MID--AUDIO_17_R1_2014_wav--1.midi,5.658929797844643,5.994710133151761
Ludwig van Beethoven,2014/MIDI-UNPROCESSED_16-18_R1_2014_MID--AUDIO_18_R1_2014_wav--2.midi,5.63610946775199,5.961644767605511
Ludwig van Beethoven,2018/MIDI-Unprocessed_Recital1-3_MID--AUDIO_02_R1_2018_wav--1.midi,5.8689460486627665,6.108716298994421
Ludwig van Beethoven,2008/MIDI-Unprocessed_10_R1_2008_01-04_ORIG_MID--AUDIO_10_R1_2008_wav--2.midi,5.305941436479027,5.767380759082941
Ludwig van Beethoven,2015/MIDI-Unprocessed_R1_D1-1-8_mid--AUDIO-from_mp3_05_R1_2015_wav--3.midi,5.292688108462653,5.702270276251152
Ludwig van Beethoven,2015/MIDI-Unprocessed_R1_D1-9-12_mid--AUDIO-from_mp3_09_R1_2015_wav--2.midi,5.3815151914730865,5.638710201698744
Ludwig van Beethoven,2017/MIDI-Unprocessed_065_PIANO065_MID--AUDIO-split_07-07-17_Piano-e_3-01_wav--2.midi,5.294778022609516,5.735621144568118
Ludwig van Beethoven,2018/MIDI-Unprocessed_Recital13-15_MID--AUDIO_14_R1_2018_wav--2.midi,5.498064202171013,6.1023422538216066
Ludwig van Beethoven,2018/MIDI-Unprocessed_Recital17-19_MID--AUDIO_19_R1_2018_wav--2.midi,5.595598984726144,5.857857040747917
Ludwig van Beethoven,2014/MIDI-UNPROCESSED_06-08_R1_2014_MID--AUDIO_06_R1_2014_wav--3.midi,5.608394278163321,5.915788595741129
Ludwig van Beethoven,2018/MIDI-Unprocessed_Recital9-11_MID--AUDIO_10_R1_2018_wav--2.midi,5.592003359742136,5.8840341340621425
Ludwig van Beethoven,2014/MIDI-UNPROCESSED_01-03_R1_2014_MID--AUDIO_02_R1_2014_wav--2.midi,5.587488530294324,5.89151820266016
Ludwig van Beethoven,2011/MIDI-Unprocessed_14_R1_2011_MID--AUDIO_R1-D6_03_Track03_wav.midi,5.503828282212258,5.785961232676878
Ludwig van Beethoven,2009/MIDI-Unprocessed_06_R1_2009_01-02_ORIG_MID--AUDIO_06_R1_2009_06_R1_2009_02_WAV.midi,5.70996862734468,5.964220207374006
Ludwig van Beethoven,2014/MIDI-UNPROCESSED_19-20_R1_2014_MID--AUDIO_19_R1_2014_wav--2.midi,5.709935263789342,5.986274011562442
Ludwig van Beethoven,2018/MIDI-Unprocessed_Recital13-15_MID--AUDIO_15_R1_2018_wav--3.midi,5.731005730226232,5.979125034550897
Ludwig van Beethoven,2013/ORIG-MIDI_01_7_6_13_Group__MID--AUDIO_01_R1_2013_wav--2.midi,5.364278623498123,5.773065736616745
Ludwig van Beethoven,2013/ORIG-MIDI_01_7_6_13_Group__MID--AUDIO_02_R1_2013_wav--2.midi,5.378907412834728,5.781645684604841
Ludwig van Beethoven,2011/MIDI-Unprocessed_22_R1_2011_MID--AUDIO_R1-D8_13_Track13_wav.midi,5.370956108770246,5.770277679221278
Ludwig van Beethoven,2015/MIDI-Unprocessed_R1_D2-13-20_mid--AUDIO-from_mp3_17_R1_2015_wav--2.midi,5.370854718243665,5.77713579986274
Ludwig van Beethoven,2017/MIDI-Unprocessed_060_PIANO060_MID--AUDIO-split_07-07-17_Piano-e_2-04_wav--4.midi,5.370982712036778,5.741523804680125
Ludwig van Beethoven,2017/MIDI-Unprocessed_061_PIANO061_MID--AUDIO-split_07-07-17_Piano-e_2-05_wav--2.midi,5.359221290244562,5.732090594648062
Ludwig van Beethoven,2011/MIDI-Unprocessed_23_R1_2011_MID--AUDIO_R1-D9_03_Track03_wav.midi,5.269692940156944,5.706291679610292
Ludwig van Beethoven,2015/MIDI-Unprocessed_R1_D2-13-20_mid--AUDIO-from_mp3_16_R1_2015_wav--2.midi,5.261797320815732,5.726623838359669
Ludwig van Beethoven,2018/MIDI-Unprocessed_Recital1-3_MID--AUDIO_03_R1_2018_wav--1.midi,5.480574733548443,5.822905197133369
Ludwig van Beethoven,2013/ORIG-MIDI_02_7_6_13_Group__MID--AUDIO_06_R1_2013_wav--1.midi,5.460068669016032,5.910212483333892
Ludwig van Beethoven,2013/ORIG-MIDI_01_7_7_13_Group__MID--AUDIO_13_R1_2013_wav--2.midi,5.4884349027951815,5.928347768735584
Ludwig van Beethoven,2011/MIDI-Unprocessed_06_R1_2011_MID--AUDIO_R1-D2_15_Track15_wav.midi,5.468686759127086,5.912217208782072
Ludwig van Beethoven,2017/MIDI-Unprocessed_047_PIANO047_MID--AUDIO-split_07-06-17_Piano-e_2-04_wav--1.midi,5.4629370187460475,5.909856849823875
Ludwig van Beethoven,2017/MIDI-Unprocessed_067_PIANO067_MID--AUDIO-split_07-07-17_Piano-e_3-03_wav--2.midi,5.483829923735594,5.901662253721962
Ludwig van Beethoven,2009/MIDI-Unprocessed_09_R1_2009_01-04_ORIG_MID--AUDIO_09_R1_2009_09_R1_2009_03_WAV.midi,5.477229138249536,5.848601918141157
Ludwig van Beethoven,2006/MIDI-Unprocessed_10_R1_2006_01-04_ORIG_MID--AUDIO_10_R1_2006_02_Track02_wav.midi,5.4804399630012055,5.809617447043795
Ludwig van Beethoven,2006/MIDI-Unprocessed_21_R1_2006_01-04_ORIG_MID--AUDIO_21_R1_2006_02_Track02_wav.midi,5.655678275569961,5.962454791329607
Ludwig van Beethoven,2006/MIDI-Unprocessed_13_R1_2006_01-06_ORIG_MID--AUDIO_13_R1_2006_02_Track02_wav.midi,5.606322280005203,5.888434955338182
Ludwig van Beethoven,2004/MIDI-Unprocessed_XP_15_R1_2004_03_ORIG_MID--AUDIO_15_R1_2004_03_Track03_wav.midi,5.359650485114921,5.726436111841058
Ludwig van Beethoven,2004/MIDI-Unprocessed_XP_15_R1_2004_01-02_ORIG_MID--AUDIO_15_R1_2004_01_Track01_wav.midi,5.528246526420824,5.982532234239639
Ludwig van Beethoven,2006/MIDI-Unprocessed_05_R1_2006_01-05_ORIG_MID--AUDIO_05_R1_2006_01_Track01_wav.midi,5.334676943868091,5.775348258759745
Ludwig van Beethoven,2004/MIDI-Unprocessed_SMF_17_R1_2004_01-03_ORIG_MID--AUDIO_17_R1_2004_02_Track02_wav--2.midi,5.324627961536305,5.7924175110601235
Ludwig van Beethoven,2004/MIDI-Unprocessed_SMF_17_R1_2004_01-03_ORIG_MID--AUDIO_17_R1_2004_03_Track03_wav.midi,5.3894338912550115,5.874103804446983
Ludwig van Beethoven,2004/MIDI-Unprocessed_XP_01_R1_2004_01-02_ORIG_MID--AUDIO_01_R1_2004_02_Track02_wav.midi,5.496200162085482,5.763674610487011
Ludwig van Beethoven,2004/MIDI-Unprocessed_XP_01_R1_2004_01-02_ORIG_MID--AUDIO_01_R1_2004_03_Track03_wav.midi,5.548599536810958,5.946948952644778
Ludwig van Beethoven,2009/MIDI-Unprocessed_21_R1_2009_01-03_ORIG_MID--AUDIO_21_R1_2009_21_R1_2009_01_WAV.midi,5.589182353921543,5.910929424264114
Ludwig van Beethoven,2013/ORIG-MIDI_02_7_7_13_Group__MID--AUDIO_16_R1_2013_wav--2.midi,5.319072393718247,5.748463728731587
Ludwig van Beethoven,2004/MIDI-Unprocessed_SMF_22_R1_2004_01-04_ORIG_MID--AUDIO_22_R1_2004_10_Track10_wav.midi,5.389895048413273,5.884289751358046
Ludwig van Beethoven,2018/MIDI-Unprocessed_Recital5-7_MID--AUDIO_06_R1_2018_wav--2.midi,5.421451007393795,5.676183480804121
Ludwig van Beethoven,2004/MIDI-Unprocessed_XP_21_R1_2004_02_ORIG_MID--AUDIO_21_R1_2004_02_Track02_wav.midi,5.286728178979136,5.61869831881672
Ludwig van Beethoven,2004/MIDI-Unprocessed_XP_21_R1_2004_02_ORIG_MID--AUDIO_21_R1_2004_03_Track03_wav.midi,5.419266253974374,5.673951067608234
Ludwig van Beethoven,2018/MIDI-Unprocessed_Recital5-7_MID--AUDIO_05_R1_2018_wav--1.midi,5.504236969155175,6.10330971246351
Ludwig van Beethoven,2009/MIDI-Unprocessed_17_R1_2009_01-03_ORIG_MID--AUDIO_17_R1_2009_17_R1_2009_01_WAV.midi,5.300234301513441,5.729973655778445
Ludwig van Beethoven,2009/MIDI-Unprocessed_20_R1_2009_01-05_ORIG_MID--AUDIO_20_R1_2009_20_R1_2009_01_WAV.midi,5.4229732111749644,5.90476064437486
Ludwig van Beethoven,2011/MIDI-Unprocessed_12_R3_2011_MID--AUDIO_R3-D4_03_Track03_wav.midi,5.586196243705891,6.017826884533089
Ludwig van Beethoven,2011/MIDI-Unprocessed_17_R3_2011_MID--AUDIO_R3-D6_02_Track02_wav.midi,5.5730915931972556,6.008286710251399
Ludwig van Beethoven,2011/MIDI-Unprocessed_22_R3_2011_MID--AUDIO_R3-D7_03_Track03_wav.midi,5.574667176180741,6.021996574401565
Ludwig van Beethoven,2011/MIDI-Unprocessed_25_R3_2011_MID--AUDIO_R3-D9_04_Track04_wav.midi,5.568740137483506,6.028066848705232
Ludwig van Beethoven,2015/MIDI-Unprocessed_R2_D2-19-21-22_mid--AUDIO-from_mp3_19_R2_2015_wav--2.midi,5.576485184244124,6.009730355246734
Ludwig van Beethoven,2008/MIDI-Unprocessed_02_R3_2008_01-03_ORIG_MID--AUDIO_02_R3_2008_wav--1.midi,5.560370604855892,6.017439479840955
Ludwig van Beethoven,2008/MIDI-Unprocessed_03_R3_2008_01-03_ORIG_MID--AUDIO_03_R3_2008_wav--1.midi,5.5672976149231035,6.032677711318811
Ludwig van Beethoven,2008/MIDI-Unprocessed_04_R3_2008_01-07_ORIG_MID--AUDIO_04_R3_2008_wav--1.midi,5.567406440457932,6.035865302070295
Ludwig van Beethoven,2008/MIDI-Unprocessed_09_R3_2008_01-07_ORIG_MID--AUDIO_09_R3_2008_wav--4.midi,5.562474955338542,6.013572186727638
Ludwig van Beethoven,2008/MIDI-Unprocessed_12_R3_2008_01-04_ORIG_MID--AUDIO_12_R3_2008_wav--1.midi,5.572110658600315,5.994403022159659
Ludwig van Beethoven,2015/MIDI-Unprocessed_R2_D2-12-13-15_mid--AUDIO-from_mp3_12_R2_2015_wav--1.midi,5.5815668908756235,5.987654891949204
Ludwig van Beethoven,2015/MIDI-Unprocessed_R2_D2-19-21-22_mid--AUDIO-from_mp3_21_R2_2015_wav--2.midi,5.571961057071699,6.005582621008367
Ludwig van Beethoven,2015/MIDI-Unprocessed_R2_D2-19-21-22_mid--AUDIO-from_mp3_22_R2_2015_wav--2.midi,5.580019614488183,5.998438501607852
Ludwig van Beethoven,2013/ORIG-MIDI_01_7_10_13_Group_MID--AUDIO_07_R3_2013_wav--2.midi,5.5807660572235696,6.037147976525982
Ludwig van Beethoven,2013/ORIG-MIDI_01_7_10_13_Group_MID--AUDIO_08_R3_2013_wav--1.midi,5.5801741388021435,6.030171018402168
Ludwig van Beethoven,2013/ORIG-MIDI_02_7_10_13_Group_MID--AUDIO_12_R3_2013_wav--1.midi,5.579824725803828,5.9955587436960425
Ludwig van Beethoven,2017/MIDI-Unprocessed_071_PIANO071_MID--AUDIO-split_07-08-17_Piano-e_1-04_wav--1.midi,5.58003031549346,6.012470559760339
Ludwig van Beethoven,2017/MIDI-Unprocessed_073_PIANO073_MID--AUDIO-split_07-08-17_Piano-e_2-02_wav--1.midi,5.568671815239105,5.9896955282774265
Ludwig van Beethoven,2017/MIDI-Unprocessed_075_PIANO075_MID--AUDIO-split_07-08-17_Piano-e_2-06_wav--2.midi,5.573308131222367,6.0194899402562
Ludwig van Beethoven,2017/MIDI-Unprocessed_078_PIANO078_MID--AUDIO-split_07-09-17_Piano-e_1-02_wav--1.midi,5.584439247725607,6.043659409539795
Ludwig van Beethoven,2017/MIDI-Unprocessed_079_PIANO079_MID--AUDIO-split_07-09-17_Piano-e_1-04_wav--3.midi,5.573212704207449,5.992612323533849
Ludwig van Beethoven,2017/MIDI-Unprocessed_080_PIANO080_MID--AUDIO-split_07-09-17_Piano-e_1-06_wav--2.midi,5.5666185842998175,6.012212316913797
Ludwig van Beethoven,2017/MIDI-Unprocessed_082_PIANO082_MID--AUDIO-split_07-09-17_Piano-e_2_-04_wav--1.midi,5.571320001512914,5.996125175095657
Ludwig van Beethoven,2013/ORIG-MIDI_02_7_10_13_Group_MID--AUDIO_14_R3_2013_wav--1.midi,5.575501044579633,6.0100775250503435
Ludwig van Beethoven,2015/MIDI-Unprocessed_R2_D1-2-3-6-7-8-11_mid--AUDIO-from_mp3_08_R2_2015_wav--1.midi,5.577354917046,6.033971663858124
Ludwig van Beethoven,2015/MIDI-Unprocessed_R2_D1-2-3-6-7-8-11_mid--AUDIO-from_mp3_11_R2_2015_wav--1.midi,5.563968475416485,5.991208684697541
Ludwig van Beethoven,2009/MIDI-Unprocessed_16_R1_2009_01-02_ORIG_MID--AUDIO_16_R1_2009_16_R1_2009_01_WAV.midi,5.181507758220571,5.790061858491143
Niccolò Paganini / Franz Liszt,2008/MIDI-Unprocessed_16_R1_2008_01-04_ORIG_MID--AUDIO_16_R1_2008_wav--4.midi,5.633528732761908,6.091772460195932
Richard Wagner / Franz Liszt,2006/MIDI-Unprocessed_16_R1_2006_01-04_ORIG_MID--AUDIO_16_R1_2006_02_Track02_wav.midi,5.855476760991693,6.048957834441144
Richard Wagner / Franz Liszt,2009/MIDI-Unprocessed_17_R1_2009_01-03_ORIG_MID--AUDIO_17_R1_2009_17_R1_2009_02_WAV.midi,5.813394096281364,5.998530940043612
Robert Schumann / Franz Liszt,2008/MIDI-Unprocessed_15_R2_2008_01-04_ORIG_MID--AUDIO_15_R2_2008_wav--3.midi,5.212405681967388,5.542459103665484
